,genotype,fitness,tree_depth,original_phenotype,mapping_values,phenotype,opt_const,fitness val,other_info,optimized
0,"[[0], [3], [], [], [], [1], []]",5.835071605574944,3,Constant * (x[1]**Constant) * (x[2]),"[1, 1, 0, 0, 0, 1, 0]",0.41129347182303555 * (x[1]**0.6528263145185083) * (x[2]),[0.41129347 0.65282631],5.268924249250553,"{'fitness 25': 5.192269636103521, 'fitness 53': 5.648301933904928, 'fitness 74': 4.9662011777432085, 'fitness 102': 5.835071605574944}",False
1,"[[0], [1], [1, 0], [2, 1, 1, 0], [3, 0, 0, 3, 0, 3], [1, 0, 0, 1, 1, 0, 0], [0, 0, 0, 0, 0, 0]]",8.244456489759084,6,((Constant/(x[0]+x[0]))+(Constant/Constant)+x[0]/x[0]) * (x[1]**Constant) * (x[2]),"[1, 1, 2, 4, 6, 7, 4]",((0.5386770819951443/(x[0]+x[0]))+(0.15157528083098126/0.7859874327897174)+x[0]/x[0]) * (x[1]**0.4896862820250757) * (x[2]),[0.53867708 0.15157528 0.78598743 0.48968628],8.10226062359748,"{'fitness 25': 8.198803704021772, 'fitness 53': 8.268534188477103, 'fitness 74': 7.83944397829357, 'fitness 102': 8.244456489759084}",False
2,"[[0], [1], [1, 0], [2, 1, 1, 0], [3, 0, 0, 3, 0, 3], [0, 1, 0, 0, 0, 0, 0], [0, 0, 0, 0, 0, 0]]",9.523394310736752,6,((x[0]/(Constant+x[0]))+(x[0]/x[0])+x[0]/x[0]) * (x[1]**Constant) * (x[2]),"[1, 1, 2, 4, 6, 7, 6]",((x[0]/(0.2525852960658108+x[0]))+(x[0]/x[0])+x[0]/x[0]) * (x[1]**0.41804137310894873) * (x[2]),[0.2525853  0.41804137],9.954682230230405,"{'fitness 25': 10.791687701405683, 'fitness 53': 10.15337278376685, 'fitness 74': 8.918986205518687, 'fitness 102': 9.523394310736752}",False
3,"[[0], [3], [], [], [], [1], []]",9.558254914520049,3,Constant * (x[1]**Constant) * (x[2]),"[1, 1, 0, 0, 0, 1, 0]",0.47004697758262715 * (x[1]**0.6245644792534636) * (x[2]),[0.47004698 0.62456448],9.086024859659279,"{'fitness 25': 9.251387594177988, 'fitness 53': 9.456327689883375, 'fitness 74': 8.550359294916476, 'fitness 102': 9.558254914520049}",False
4,"[[0], [3], [], [], [], [1], []]",12.99589684880014,3,Constant * (x[1]**Constant) * (x[2]),"[1, 1, 0, 0, 0, 1, 0]",0.5001405543802104 * (x[1]**0.6560948329632221) * (x[2]),[0.50014055 0.65609483],14.610251366699336,"{'fitness 25': 15.362958462345755, 'fitness 53': 14.285202987555216, 'fitness 74': 14.182592650197028, 'fitness 102': 12.99589684880014}",False
5,"[[0], [1], [3, 2], [2], [0], [0, 0], [0, 0]]",13.438069187754515,6,(x[0]+(x[0]**Constant)) * (x[1]**Constant) * (x[2]),"[1, 1, 2, 1, 1, 2, 2]",(x[0]+(x[0]**0.0019402610385275132)) * (x[1]**0.4686789204569798) * (x[2]),[0.00194026 0.46867892],14.189426898524081,"{'fitness 25': 15.199127189621633, 'fitness 53': 14.37970606893774, 'fitness 74': 12.989447437012865, 'fitness 102': 13.438069187754515}",False
6,"[[0], [2], [2], [2], [], [0], [0]]",13.693872352631255,6,((x[0]**Constant)**Constant) * (x[1]**Constant) * (x[2]),"[1, 1, 1, 1, 0, 1, 1]",((x[0]**0.3860136391757546)**0.18954487851019708) * (x[1]**0.5730154884747974) * (x[2]),[0.38601364 0.18954488 0.57301549],14.795364356885791,"{'fitness 25': 15.234626766605215, 'fitness 53': 14.58018968549237, 'fitness 74': 14.571276618559791, 'fitness 102': 13.693872352631255}",False
7,"[[0], [1], [2, 0], [0, 2, 1], [3, 0, 1, 2, 2], [0, 0, 1, 0, 1, 0, 1], [0, 0, 0, 0]]",14.042830922554623,6,((x[0]/x[0]**Constant)+Constant-(x[0]*Constant)) * (x[1]**Constant) * (x[2]),"[1, 1, 2, 3, 4, 5, 3]",((x[0]/x[0]**0.1878171620142518)+0.8762562531206983-(x[0]*0.012437719269440484)) * (x[1]**0.4858956539888991) * (x[2]),[0.18781716 0.87625625 0.01243772 0.48589565],14.743737215704869,"{'fitness 25': 15.39021317522446, 'fitness 53': 14.829715982394289, 'fitness 74': 14.011282489495855, 'fitness 102': 14.042830922554623}",False
8,"[[0], [2], [1], [2, 2], [2], [1, 1], []]",14.113599486040897,5,((Constant*Constant)**Constant) * (x[1]**Constant) * (x[2]),"[1, 1, 1, 2, 1, 2, 0]",((0.23449030144848126*0.11695186162952409)**0.3366198374184305) * (x[1]**0.6672805850833161) * (x[2]),[0.2344903  0.11695186 0.33661984 0.66728059],13.75781077906939,"{'fitness 25': 13.98555170092154, 'fitness 53': 14.084463881891505, 'fitness 74': 13.203416754395125, 'fitness 102': 14.113599486040897}",False
9,"[[0], [2], [2, 1], [1], [3, 2, 2, 3, 1], [1, 0], [0, 0]]",15.239467868722139,6,(((Constant/x[0])**Constant)**Constant) * (x[1]**Constant) * (x[2]),"[1, 1, 1, 1, 1, 2, 1]",(((0.9017030809911062/x[0])**0.6409456401761258)**0.6913621483919045) * (x[1]**0.5210230274226871) * (x[2]),[0.90170308 0.64094564 0.69136215 0.52102303],15.28266850617077,"{'fitness 25': 15.346553577484611, 'fitness 53': 15.352883709066885, 'fitness 74': 15.148568231960814, 'fitness 102': 15.239467868722139}",False
10,"[[0], [1], [1, 0], [0, 2, 2, 2], [3, 1, 0, 1], [0, 0, 1, 1, 1], [0, 0, 0]]",16.389336895171088,6,((x[0]/x[0]-Constant)+Constant-Constant) * (x[1]**Constant) * (x[2]),"[1, 1, 2, 4, 4, 5, 2]",((x[0]/x[0]-0.30755581838494483)+0.197684378904178-0.2815793173200414) * (x[1]**0.5747705778582454) * (x[2]),[0.30755582 0.19768438 0.28157932 0.57477058],16.568700510154862,"{'fitness 25': 17.198021080690808, 'fitness 53': 16.80390599061671, 'fitness 74': 15.70417445915707, 'fitness 102': 16.389336895171088}",False
11,"[[0], [3], [], [], [], [1], []]",17.175728761500373,3,Constant * (x[1]**Constant) * (x[2]),"[1, 1, 0, 0, 0, 1, 0]",0.6071331123448234 * (x[1]**0.5728002045091473) * (x[2]),[0.60713311 0.5728002 ],17.41128617855256,"{'fitness 25': 18.077715583665498, 'fitness 53': 17.63571809466357, 'fitness 74': 16.520424857328624, 'fitness 102': 17.175728761500373}",False
12,"[[0], [1], [2, 0], [0, 1, 1], [3, 0, 2, 3, 0, 3], [0, 0, 0, 1, 0, 0], [0, 0, 0, 0, 0, 0]]",18.2606751336243,6,((x[0]/x[0]**Constant)+(x[0]*Constant)/(x[0]+x[0])) * (x[1]**Constant) * (x[2]),"[1, 1, 2, 3, 5, 6, 5]",((x[0]/x[0]**0.07348260886822389)+(x[0]*0.6611809202162698)/(x[0]+x[0])) * (x[1]**0.4887974372377438) * (x[2]),[0.07348261 0.66118092 0.48879744],19.399135841480938,"{'fitness 25': 21.27933025974455, 'fitness 53': 19.68695922364501, 'fitness 74': 17.23111804105325, 'fitness 102': 18.2606751336243}",False
13,"[[0], [3], [], [], [], [1], []]",19.31208674487305,3,Constant * (x[1]**Constant) * (x[2]),"[1, 1, 0, 0, 0, 1, 0]",0.9355906337724603 * (x[1]**0.5145803354749158) * (x[2]),[0.93559063 0.51458034],19.896632945444384,"{'fitness 25': 20.80406067333975, 'fitness 53': 20.062759175600945, 'fitness 74': 18.823078987392456, 'fitness 102': 19.31208674487305}",False
14,"[[0], [0], [1, 0], [1, 0, 2, 1], [3, 0, 0, 3, 0, 3], [0, 0, 0, 1, 1, 1, 0], [0, 0, 0, 0]]",22.847182615154782,6,((x[0]/x[0])+x[0]+Constant)/Constant+(Constant/x[0]) * (x[1]**Constant) * (x[2]),"[1, 1, 2, 4, 6, 7, 4]",((x[0]/x[0])+x[0]+0.9445505982340214)/0.08717762099853177+(0.9883129716648544/x[0]) * (x[1]**0.331607917688712) * (x[2]),[0.9445506  0.08717762 0.98831297 0.33160792],24.359528220512775,"{'fitness 25': 25.621179514144217, 'fitness 53': 24.35459306144609, 'fitness 74': 23.102812085948024, 'fitness 102': 22.847182615154782}",False
15,"[[0], [3], [1, 0], [0, 1, 2, 0], [3, 3, 3, 2, 2], [0, 0, 1, 0, 1, 0], [0, 0, 0]]",23.903187149297388,4,x[0] * (x[1]**Constant) * (x[2]),"[1, 1, 0, 0, 0, 1, 1]",x[0] * (x[1]**0.5066441173473107) * (x[2]),[0.50664412],25.4111404531124,"{'fitness 25': 27.72777789661656, 'fitness 53': 25.66302848355401, 'fitness 74': 22.84261497916663, 'fitness 102': 23.903187149297388}",False
16,"[[0], [0], [2, 3], [1], [0, 3], [0, 1, 1], [0, 0]]",24.56738538805697,6,((x[0]+Constant)**Constant)/Constant * (x[1]**Constant) * (x[2]),"[1, 1, 2, 1, 2, 3, 1]",((x[0]+0.5203349674389)**0.4638934338301397)/0.5863143875372852 * (x[1]**0.49937518925979507) * (x[2]),[0.52033497 0.46389343 0.58631439 0.49937519],25.733467064335514,"{'fitness 25': 26.078639787381185, 'fitness 53': 25.503394409552765, 'fitness 74': 25.618366996072584, 'fitness 102': 24.56738538805697}",False
17,"[[0], [1], [1, 0], [1, 2, 1, 2], [3, 1, 0, 1, 0], [0, 0, 1, 1, 1, 0], [0, 0, 0]]",28.563417386470046,6,(((x[0]/x[0])-Constant)+(Constant-Constant)+x[0]) * (x[1]**Constant) * (x[2]),"[1, 1, 2, 4, 5, 6, 3]",(((x[0]/x[0])-0.7625647553405854)+(0.37189464005595163-0.7007040873226609)+x[0]) * (x[1]**0.4982302577568213) * (x[2]),[0.76256476 0.37189464 0.70070409 0.49823026],30.30793824062444,"{'fitness 25': 32.76036231989173, 'fitness 53': 30.498739609255306, 'fitness 74': 27.664712792726288, 'fitness 102': 28.563417386470046}",False
18,"[[0], [2], [1, 2], [2, 0], [3, 0, 2, 3, 1], [0, 1, 0], [0, 0, 0, 0]]",29.56732718462053,6,((x[0]/Constant+x[0])**Constant) * (x[1]**Constant) * (x[2]),"[1, 1, 1, 2, 2, 3, 2]",((x[0]/0.8941491234282846+x[0])**0.38733765731115444) * (x[1]**0.43973518114153776) * (x[2]),[0.89414912 0.38733766 0.43973518],31.12791773258118,"{'fitness 25': 32.96612963170319, 'fitness 53': 31.213151718107866, 'fitness 74': 29.204471847932485, 'fitness 102': 29.56732718462053}",False
19,"[[0], [1], [1, 1], [0, 0, 2, 2], [0, 0, 0, 1, 1], [1, 0, 1, 1, 0, 0], [0, 0, 0]]",30.254447669337708,6,((Constant+x[0]+Constant+Constant)-(x[0]-x[0])) * (x[1]**Constant) * (x[2]),"[1, 1, 2, 4, 5, 6, 3]",((0.31454042119351766+x[0]+0.8870816080153806+0.2153801057983723)-(x[0]-x[0])) * (x[1]**0.48723893538947416) * (x[2]),[0.31454042 0.88708161 0.21538011 0.48723894],31.552942417921873,"{'fitness 25': 31.90099763427552, 'fitness 53': 31.291076621838773, 'fitness 74': 31.466752997651337, 'fitness 102': 30.254447669337708}",False
20,"[[0], [3], [1, 3], [], [], [0], [0, 0, 0]]",30.815649200740836,4,x[0] * (x[1]**Constant) * (x[2]),"[1, 1, 0, 0, 0, 1, 1]",x[0] * (x[1]**0.4741082034520163) * (x[2]),[0.4741082],32.62302861458391,"{'fitness 25': 34.97770618088425, 'fitness 53': 32.76456144690478, 'fitness 74': 30.126818215962707, 'fitness 102': 30.815649200740836}",False
21,"[[0], [0], [0, 0], [1, 2, 1, 1], [3, 1, 0, 1, 0, 3], [0, 0, 1, 1, 0, 0, 1], [0, 0, 0, 0]]",35.88314401368271,6,(x[0]/x[0])-Constant+(Constant-x[0])+(x[0]/Constant) * (x[1]**Constant) * (x[2]),"[1, 1, 2, 4, 6, 7, 4]",(x[0]/x[0])-0.41697592019913965+(0.5699130301549632-x[0])+(x[0]/0.8302251300042319) * (x[1]**0.4251867174482974) * (x[2]),[0.41697592 0.56991303 0.83022513 0.42518672],37.93655365906533,"{'fitness 25': 40.305194004926676, 'fitness 53': 37.99497247040798, 'fitness 74': 35.509494501861326, 'fitness 102': 35.88314401368271}",False
22,"[[0], [2], [2], [2], [2], [1, 1], []]",35.90158782118594,5,((Constant**Constant)**Constant) * (x[1]**Constant) * (x[2]),"[1, 1, 1, 1, 0, 1, 0]",((0.011206055248708324**0.6161703410102842)**0.45812685467614767) * (x[1]**0.5961153606804631) * (x[2]),[0.01120606 0.61617034 0.45812685 0.59611536],37.20037694627356,"{'fitness 25': 38.578347449035796, 'fitness 53': 37.2426516561602, 'fitness 74': 35.78013173362467, 'fitness 102': 35.90158782118594}",False
23,"[[0], [3], [1, 0], [2, 1, 1, 0], [3, 0, 0, 3, 1, 3], [0, 1, 0, 0, 0, 0, 1], [0, 0]]",37.33232149241676,4,x[0] * (x[1]**Constant) * (x[2]),"[1, 1, 0, 0, 0, 1, 1]",x[0] * (x[1]**0.5900952934183268) * (x[2]),[0.59009529],39.10225314193435,"{'fitness 25': 39.811066173179896, 'fitness 53': 38.87342247900809, 'fitness 74': 38.62227077361505, 'fitness 102': 37.33232149241676}",False
24,"[[0], [1], [1, 2], [0, 2, 1], [0, 3, 2, 3], [1, 1, 1, 1, 1], []]",39.87680444569902,5,((Constant+Constant/Constant)*((Constant/Constant)**Constant)) * (x[1]**Constant) * (x[2]),"[1, 1, 2, 3, 4, 5, 0]",((0.5146849012470703+0.2508571881610231/0.3847601427549874)*((0.9402165776056444/0.6945250613185432)**0.4559730390290506)) * (x[1]**0.3861809751226385) * (x[2]),"[0.5146849  0.25085719 0.38476014 0.94021658 0.69452506 0.45597304
 0.38618098]",41.803724389246014,"{'fitness 25': 43.61070845210439, 'fitness 53': 41.75267895556164, 'fitness 74': 40.04778576007201, 'fitness 102': 39.87680444569902}",False
25,"[[0], [2], [1], [2, 2], [2], [1, 1], [0]]",40.10808351927932,5,((Constant*Constant)**Constant) * (x[1]**Constant) * (x[2]),"[1, 1, 1, 2, 1, 2, 0]",((0.599331357067855*0.2757009155663571)**0.934436504520603) * (x[1]**0.6232653016367037) * (x[2]),[0.59933136 0.27570092 0.9344365  0.6232653 ],41.61199797658989,"{'fitness 25': 43.13055886113903, 'fitness 53': 41.62208723201791, 'fitness 74': 40.08334783661274, 'fitness 102': 40.10808351927932}",False
26,"[[0], [2], [0], [2, 0], [1, 2], [1, 1, 0], [0, 0]]",40.216920413865616,6,(Constant-Constant*x[0]**Constant) * (x[1]**Constant) * (x[2]),"[1, 1, 1, 2, 2, 3, 1]",(0.5286117102051833-0.12203196120580118*x[0]**0.688356461459506) * (x[1]**0.5277800078022623) * (x[2]),[0.52861171 0.12203196 0.68835646 0.52778001],41.83262907178989,"{'fitness 25': 43.34474622989826, 'fitness 53': 41.806481342129, 'fitness 74': 40.346659643342406, 'fitness 102': 40.216920413865616}",False
27,"[[0], [1], [2, 3], [2, 2, 0, 2], [2], [1, 1], []]",41.15671646972448,5,((Constant**Constant)*Constant) * (x[1]**Constant) * (x[2]),"[1, 1, 2, 1, 1, 2, 0]",((0.8586116859412121**0.3951358271810632)*0.8505592630175324) * (x[1]**0.44055315196968314) * (x[2]),[0.85861169 0.39513583 0.85055926 0.44055315],43.04329789281474,"{'fitness 25': 44.82354226479044, 'fitness 53': 42.99725230427896, 'fitness 74': 41.30909910937485, 'fitness 102': 41.15671646972448}",False
28,"[[0], [3], [], [], [], [1], []]",44.713370548773234,3,Constant * (x[1]**Constant) * (x[2]),"[1, 1, 0, 0, 0, 1, 0]",0.6954697365525826 * (x[1]**0.43273275192134264) * (x[2]),[0.69546974 0.43273275],46.775528437904136,"{'fitness 25': 48.67638163934114, 'fitness 53': 46.702523508617844, 'fitness 74': 44.947680165753404, 'fitness 102': 44.713370548773234}",False
29,"[[0], [0], [2, 2], [1, 0], [3, 2, 2], [0, 0, 0, 1], [0, 0, 0, 0]]",47.916273893744815,6,((x[0]/x[0])**Constant)*(x[0]*Constant**Constant) * (x[1]**Constant) * (x[2]),"[1, 1, 2, 2, 3, 4, 3]",((x[0]/x[0])**0.23250621941228555)*(x[0]*0.11715381440293138**0.6791705341455184) * (x[1]**0.538983921778097) * (x[2]),[0.23250622 0.11715381 0.67917053 0.53898392],50.2128067897809,"{'fitness 25': 52.519963052357376, 'fitness 53': 50.158211120034, 'fitness 74': 47.96024619695132, 'fitness 102': 47.916273893744815}",False
30,"[[0], [1], [1, 3], [2, 2], [0, 0], [0, 1, 0, 0, 0, 0, 0], [0, 0, 0, 0, 0, 0]]",48.34491866540042,6,((x[0]+Constant)+x[0]) * (x[1]**Constant) * (x[2]),"[1, 1, 2, 2, 2, 3, 2]",((x[0]+0.8822910014831281)+x[0]) * (x[1]**0.22980945196551283) * (x[2]),[0.882291   0.22980945],50.87772158034766,"{'fitness 25': 53.238355927896585, 'fitness 53': 50.776312679917936, 'fitness 74': 48.61849613322846, 'fitness 102': 48.34491866540042}",False
31,"[[0], [3], [], [], [], [0], [0]]",49.24891088184522,4,x[0] * (x[1]**Constant) * (x[2]),"[1, 1, 0, 0, 0, 1, 1]",x[0] * (x[1]**0.6070889060130041) * (x[2]),[0.60708891],51.550717515227774,"{'fitness 25': 52.21164579916506, 'fitness 53': 51.157951459848675, 'fitness 74': 51.28255528666959, 'fitness 102': 49.24891088184522}",False
32,"[[0], [2], [0], [0, 1], [3, 3, 0, 3], [0, 0, 0, 0, 1], [0, 0, 0, 0]]",49.8946043251604,6,(x[0]/x[0]/(x[0]+x[0])**Constant) * (x[1]**Constant) * (x[2]),"[1, 1, 1, 2, 3, 4, 4]",(x[0]/x[0]/(x[0]+x[0])**0.413947657594089) * (x[1]**0.37019279011030404) * (x[2]),[0.41394766 0.37019279],52.180227933306846,"{'fitness 25': 54.13235947546282, 'fitness 53': 52.048553736229714, 'fitness 74': 50.35977058822803, 'fitness 102': 49.8946043251604}",False
33,"[[0], [3], [1, 1], [0, 0, 1, 0], [], [0, 1, 0, 1, 0, 0, 1, 1], [0]]",51.410874523187374,4,x[0] * (x[1]**Constant) * (x[2]),"[1, 1, 0, 0, 0, 1, 1]",x[0] * (x[1]**0.6098223104796666) * (x[2]),[0.60982231],53.814092114171764,"{'fitness 25': 54.482866621226464, 'fitness 53': 53.394731255204796, 'fitness 74': 53.56467846608404, 'fitness 102': 51.410874523187374}",False
34,"[[0], [3], [0, 3], [1, 2], [2, 2, 0], [1, 0, 0, 1], [0, 0, 0]]",52.258781772889655,3,Constant * (x[1]**Constant) * (x[2]),"[1, 1, 0, 0, 0, 1, 0]",0.31160602314000474 * (x[1]**0.45014741375246914) * (x[2]),[0.31160602 0.45014741],54.650556214847434,"{'fitness 25': 56.77978995611824, 'fitness 53': 54.527305549726606, 'fitness 74': 52.64457313869747, 'fitness 102': 52.258781772889655}",False
35,"[[0], [3], [1], [2, 0], [], [1], []]",52.67381592892791,3,Constant * (x[1]**Constant) * (x[2]),"[1, 1, 0, 0, 0, 1, 0]",0.10198206739792737 * (x[1]**0.5788525485548611) * (x[2]),[0.10198207 0.57885255],54.995745397101324,"{'fitness 25': 57.078053308995486, 'fitness 53': 54.88244278278533, 'fitness 74': 53.026740099523145, 'fitness 102': 52.67381592892791}",False
36,"[[0], [3], [], [0, 0, 2, 2], [0, 2, 0, 2], [0, 0, 1, 0, 0], [0, 0, 0, 0]]",53.055704424903574,4,x[0] * (x[1]**Constant) * (x[2]),"[1, 1, 0, 0, 0, 1, 1]",x[0] * (x[1]**0.2981884660852918) * (x[2]),[0.29818847],55.667772090855344,"{'fitness 25': 58.07163880732798, 'fitness 53': 55.545864516956506, 'fitness 74': 53.38581294828153, 'fitness 102': 53.055704424903574}",False
37,"[[0], [2], [3, 3], [0], [2, 2], [1, 0, 1], [0]]",53.83939562149794,4,(Constant**Constant) * (x[1]**Constant) * (x[2]),"[1, 1, 1, 0, 0, 1, 0]",(0.9595932842313764**0.1810877956997028) * (x[1]**0.28290551402983766) * (x[2]),[0.95959328 0.1810878  0.28290551],56.404641818680034,"{'fitness 25': 58.65267615987954, 'fitness 53': 56.2562266477011, 'fitness 74': 54.30502264845947, 'fitness 102': 53.83939562149794}",False
38,"[[0], [3], [], [1, 0, 0, 2], [], [1], []]",54.06998514146509,3,Constant * (x[1]**Constant) * (x[2]),"[1, 1, 0, 0, 0, 1, 0]",0.39519617470543 * (x[1]**0.3906213887033637) * (x[2]),[0.39519617 0.39062139],56.580606006748354,"{'fitness 25': 58.79179496194032, 'fitness 53': 56.439772982550146, 'fitness 74': 54.5102500757546, 'fitness 102': 54.06998514146509}",False
39,"[[0], [1], [1, 0], [0, 2, 2, 2], [3, 3, 0, 3], [0, 1, 1, 1, 1], [0, 0, 0]]",55.48300858308398,6,((x[0]/Constant/Constant)+Constant/Constant) * (x[1]**Constant) * (x[2]),"[1, 1, 2, 4, 4, 5, 1]",((x[0]/0.29117963335028785/0.7794961074155894)+0.6085900807304853/0.6912582949721252) * (x[1]**0.04524325135127716) * (x[2]),[0.29117963 0.77949611 0.60859008 0.69125829 0.04524325],58.2296571636444,"{'fitness 25': 60.661695603858504, 'fitness 53': 58.07429863038225, 'fitness 74': 55.952977256692435, 'fitness 102': 55.48300858308398}",False
40,"[[0], [3], [1, 3], [], [3, 0, 2, 3, 0, 3], [0], [0, 0, 0, 0, 0, 0]]",56.55005051469312,4,x[0] * (x[1]**Constant) * (x[2]),"[1, 1, 0, 0, 0, 1, 1]",x[0] * (x[1]**0.21875452218391478) * (x[2]),[0.21875452],59.25844477607004,"{'fitness 25': 61.667126357658624, 'fitness 53': 59.10573022655544, 'fitness 74': 57.002477743996074, 'fitness 102': 56.55005051469312}",False
41,"[[0], [1], [1, 0], [2, 2, 2, 0], [2, 3, 3, 0], [0, 0, 0, 0, 1, 0, 0], [0, 0, 0, 0, 0]]",56.591843488858096,6,((x[0]*x[0])/x[0]/x[0]+Constant) * (x[1]**Constant) * (x[2]),"[1, 1, 2, 4, 4, 5, 4]",((x[0]*x[0])/x[0]/x[0]+0.13272870487206512) * (x[1]**0.19973751379535198) * (x[2]),[0.1327287  0.19973751],59.27323750085743,"{'fitness 25': 61.602465080346555, 'fitness 53': 59.10739699443012, 'fitness 74': 57.109850427795614, 'fitness 102': 56.591843488858096}",False
42,"[[0], [1], [1, 1], [2, 0, 1, 2], [0, 2, 0, 2, 0], [0, 0, 0, 0, 0, 1], [0, 0, 0, 0, 0]]",57.271584115427274,6,((x[0]+x[0]*x[0])+((x[0]*x[0])+Constant)) * (x[1]**Constant) * (x[2]),"[1, 1, 2, 4, 5, 6, 5]",((x[0]+x[0]*x[0])+((x[0]*x[0])+0.006384896485298386)) * (x[1]**0.05377949667595683) * (x[2]),[0.0063849 0.0537795],60.03623967677436,"{'fitness 25': 62.485599802788066, 'fitness 53': 59.878337878146496, 'fitness 74': 57.74478134938852, 'fitness 102': 57.271584115427274}",False
43,"[[0], [1], [3, 2], [2, 2], [0], [0, 1], [0, 0]]",57.36831397426469,5,(x[0]+(Constant**Constant)) * (x[1]**Constant) * (x[2]),"[1, 1, 2, 1, 1, 2, 1]",(x[0]+(0.15097599134578532**0.13179030610322973)) * (x[1]**0.11764430723992725) * (x[2]),[0.15097599 0.13179031 0.11764431],60.102576564854814,"{'fitness 25': 62.49354845237811, 'fitness 53': 59.93656197648399, 'fitness 74': 57.87761926570233, 'fitness 102': 57.36831397426469}",False
44,"[[0], [2], [1, 3], [2, 1], [3, 0, 0, 3, 1, 3], [0, 1, 0, 0, 0, 0, 1], [0, 0, 0]]",57.63309435048663,6,((x[0]/(Constant+x[0]))**Constant) * (x[1]**Constant) * (x[2]),"[1, 1, 1, 2, 2, 3, 2]",((x[0]/(0.573940186920763+x[0]))**0.13272887293632574) * (x[1]**0.18353039275559735) * (x[2]),[0.57394019 0.13272887 0.18353039],60.344963530512985,"{'fitness 25': 62.698753454826054, 'fitness 53': 60.17531357447611, 'fitness 74': 58.16082356223679, 'fitness 102': 57.63309435048663}",False
45,"[[0], [1], [2, 1], [0, 2, 0], [0, 3, 0, 2], [0, 0, 1, 0, 1], [0, 0, 0]]",58.03905319569025,6,((x[0]+x[0]**Constant)/(Constant+x[0]*Constant)) * (x[1]**Constant) * (x[2]),"[1, 1, 2, 3, 4, 5, 3]",((x[0]+x[0]**0.6271090715671743)/(0.5029751357513041+x[0]*0.7991145263833694)) * (x[1]**0.10628793296238814) * (x[2]),[0.62710907 0.50297514 0.79911453 0.10628793],60.77946363695617,"{'fitness 25': 63.16043705368451, 'fitness 53': 60.60814947135626, 'fitness 74': 58.569804385827744, 'fitness 102': 58.03905319569025}",False
46,"[[0], [3], [], [2, 2, 2, 2], [], [0, 1, 1, 1, 0], [0, 0]]",58.23134821874041,4,x[0] * (x[1]**Constant) * (x[2]),"[1, 1, 0, 0, 0, 1, 1]",x[0] * (x[1]**0.14788542318412368) * (x[2]),[0.14788542],60.97785361241349,"{'fitness 25': 63.38533571868634, 'fitness 53': 60.8117214310349, 'fitness 74': 58.736503687519225, 'fitness 102': 58.23134821874041}",False
47,"[[0], [2], [1, 1], [2, 2], [0, 2, 0, 2], [0, 1], [0]]",58.23749447098538,6,((x[0]+Constant)**Constant) * (x[1]**Constant) * (x[2]),"[1, 1, 1, 2, 1, 2, 1]",((x[0]+0.2567395993270519)**0.5519575702891) * (x[1]**0.1315075475017654) * (x[2]),[0.2567396  0.55195757 0.13150755],60.97856760924491,"{'fitness 25': 63.36486625302502, 'fitness 53': 60.808176796208194, 'fitness 74': 58.76265977850153, 'fitness 102': 58.23749447098538}",False
48,"[[0], [2], [1], [2, 2, 0, 2], [3, 3, 0, 2], [1, 0], [0]]",58.406966079418545,6,((Constant/x[0])**Constant) * (x[1]**Constant) * (x[2]),"[1, 1, 1, 2, 1, 2, 1]",((0.8437896432419569/x[0])**0.37577498028731626) * (x[1]**0.13771773098511986) * (x[2]),[0.84378964 0.37577498 0.13771773],61.13670270817181,"{'fitness 25': 63.48567602540418, 'fitness 53': 60.958740768829564, 'fitness 74': 58.965691330281686, 'fitness 102': 58.406966079418545}",False
49,"[[0], [1], [1, 0], [2, 1, 1, 0], [3, 0, 0, 3, 0, 3], [0, 1, 0, 0, 0, 0, 0], [0, 0, 0, 0, 0, 0]]",58.425413162822345,6,((x[0]/(Constant+x[0]))+(x[0]/x[0])+x[0]/x[0]) * (x[1]**Constant) * (x[2]),"[1, 1, 2, 4, 6, 7, 6]",((x[0]/(0.7586464752071777+x[0]))+(x[0]/x[0])+x[0]/x[0]) * (x[1]**0.018343339867492925) * (x[2]),[0.75864648 0.01834334],61.18485211997254,"{'fitness 25': 63.572169389544996, 'fitness 53': 61.0085307531653, 'fitness 74': 58.973856217207334, 'fitness 102': 58.425413162822345}",False
50,"[[0], [3], [], [], [], [1], []]",58.6812913031104,3,Constant * (x[1]**Constant) * (x[2]),"[1, 1, 0, 0, 0, 1, 0]",0.28720129742960054 * (x[1]**0.26910693738507774) * (x[2]),[0.2872013  0.26910694],61.40161162046983,"{'fitness 25': 63.75898132916309, 'fitness 53': 61.22943745104228, 'fitness 74': 59.21641608120412, 'fitness 102': 58.6812913031104}",False
51,"[[0], [0], [2, 3], [1], [0, 2], [0, 1, 1], [0]]",59.03224906208474,6,((x[0]+Constant)**Constant)*Constant * (x[1]**Constant) * (x[2]),"[1, 1, 2, 1, 2, 3, 1]",((x[0]+0.03496315729653354)**0.16347785974360307)*0.027599152462739363 * (x[1]**0.5257288564367215) * (x[2]),[0.03496316 0.16347786 0.02759915 0.52572886],61.73566017835808,"{'fitness 25': 64.08667909369316, 'fitness 53': 61.56667461423144, 'fitness 74': 59.55362682714966, 'fitness 102': 59.03224906208474}",False
52,"[[0], [1], [1, 1], [2, 2, 1, 1], [0, 2, 0, 2, 1, 3], [0, 0, 1, 0, 0, 1, 1], [0, 0, 0, 0, 0]]",59.063277146920726,6,((x[0]+x[0])*((Constant+x[0])*(x[0]-Constant))) * (x[1]**Constant) * (x[2]),"[1, 1, 2, 4, 5, 6, 4]",((x[0]+x[0])*((0.36603357544806403+x[0])*(x[0]-0.5714505352674202))) * (x[1]**0.034105474544767866) * (x[2]),[0.36603358 0.57145054 0.03410547],61.84265353368966,"{'fitness 25': 64.28084710609727, 'fitness 53': 61.675087085025645, 'fitness 74': 59.57202640994609, 'fitness 102': 59.063277146920726}",False
53,"[[0], [2], [1, 1], [2, 2, 1, 2], [0, 2, 0, 0], [0, 0, 0, 0, 0], [0, 0, 0, 0, 0]]",59.312179757417525,6,((x[0]+x[0])**Constant) * (x[1]**Constant) * (x[2]),"[1, 1, 1, 2, 1, 2, 2]",((x[0]+x[0])**0.45142684341372274) * (x[1]**0.023280387462790264) * (x[2]),[0.45142684 0.02328039],62.0782889762336,"{'fitness 25': 64.47505369191406, 'fitness 53': 61.902020043808406, 'fitness 74': 59.85779319297833, 'fitness 102': 59.312179757417525}",False
54,"[[0], [1], [2, 3], [2, 0, 2], [3, 3, 1, 1, 2, 0, 3], [0, 0, 0, 0], [0, 0, 0, 0]]",59.40709454253595,6,((x[0]**Constant)/x[0]) * (x[1]**Constant) * (x[2]),"[1, 1, 2, 1, 1, 2, 2]",((x[0]**0.26244882645598033)/x[0]) * (x[1]**0.03458746701784898) * (x[2]),[0.26244883 0.03458747],62.16671087540749,"{'fitness 25': 64.53781123900022, 'fitness 53': 61.98361465100568, 'fitness 74': 59.97870673621659, 'fitness 102': 59.40709454253595}",False
55,"[[0], [1], [3, 1], [1, 1, 2], [3, 0, 0, 1], [0, 0, 1, 0, 1], [0, 0, 0]]",59.45898079249737,6,(x[0]/((x[0]+Constant)+(x[0]-Constant))) * (x[1]**Constant) * (x[2]),"[1, 1, 2, 2, 4, 5, 3]",(x[0]/((x[0]+0.5165842982125266)+(x[0]-0.04061181933160174))) * (x[1]**0.1547389690104618) * (x[2]),[0.5165843  0.04061182 0.15473897],62.21426673533574,"{'fitness 25': 64.60002356757427, 'fitness 53': 62.038111510848445, 'fitness 74': 60.004665127584516, 'fitness 102': 59.45898079249737}",False
56,"[[0], [2], [2, 1], [0], [3, 2, 2, 3, 1], [0, 0, 1, 0, 1], [0, 0]]",59.54567833189207,6,((x[0]/x[0]**Constant)**Constant) * (x[1]**Constant) * (x[2]),"[1, 1, 1, 1, 1, 2, 2]",((x[0]/x[0]**0.3190352641795533)**0.1308223567440292) * (x[1]**0.0288178821035473) * (x[2]),[0.31903526 0.13082236 0.02881788],62.311205986676896,"{'fitness 25': 64.70144622133571, 'fitness 53': 62.13284125658713, 'fitness 74': 60.099330482107845, 'fitness 102': 59.54567833189207}",False
57,"[[0], [2], [2, 3], [2, 2], [2], [0, 1, 1], [0]]",59.55856608087392,6,((x[0]**Constant)**Constant) * (x[1]**Constant) * (x[2]),"[1, 1, 1, 1, 0, 1, 1]",((x[0]**0.6524421326612794)**0.2650373010489081) * (x[1]**0.6330746016151412) * (x[2]),[0.65244213 0.2650373  0.6330746 ],63.68740456883304,"{'fitness 25': 65.73656350997143, 'fitness 53': 62.92891351411555, 'fitness 74': 62.396736682412126, 'fitness 102': 59.55856608087392}",False
58,"[[0], [2], [3], [0, 2, 0], [3, 3, 0, 3], [0], [0]]",59.61741707737074,5,(x[0]**Constant) * (x[1]**Constant) * (x[2]),"[1, 1, 1, 0, 0, 1, 1]",(x[0]**0.5884369380003743) * (x[1]**0.02042089811736958) * (x[2]),[0.58843694 0.0204209 ],62.38563538246552,"{'fitness 25': 64.78329079577296, 'fitness 53': 62.20866574824801, 'fitness 74': 60.164949603375604, 'fitness 102': 59.61741707737074}",False
59,"[[0], [3], [], [], [], [0], [0]]",59.72437697031855,4,x[0] * (x[1]**Constant) * (x[2]),"[1, 1, 0, 0, 0, 1, 1]",x[0] * (x[1]**0.001465463950531376) * (x[2]),[0.00146546],62.49494364908397,"{'fitness 25': 64.89644971008458, 'fitness 53': 62.31829419831376, 'fitness 74': 60.270087038853546, 'fitness 102': 59.72437697031855}",False
60,"[[0], [0], [0, 1], [0, 0, 1, 0], [3, 2, 3, 3, 2, 3, 2], [0, 1, 0, 1, 0, 0, 1, 1], [0, 0, 0, 0, 0]]",60.09981624376035,6,x[0]/Constant*x[0]/Constant/((x[0]*x[0])/Constant*Constant) * (x[1]**Constant) * (x[2]),"[1, 1, 2, 4, 7, 8, 4]",x[0]/0.46805128573408206*x[0]/0.4721687591972481/((x[0]*x[0])/0.02038261344409309*0.978346190390492) * (x[1]**0.18238227257636574) * (x[2]),[0.46805129 0.47216876 0.02038261 0.97834619 0.18238227],62.865133026159356,"{'fitness 25': 65.25431188453553, 'fitness 53': 62.686109082960265, 'fitness 74': 60.65497811098228, 'fitness 102': 60.09981624376035}",False
61,"[[0], [0], [0, 2], [1, 0, 2], [3, 2, 3, 2], [0, 0, 1, 1, 0], [0, 0, 0]]",60.2076479564189,6,(x[0]/x[0])*Constant/Constant*(x[0]**Constant) * (x[1]**Constant) * (x[2]),"[1, 1, 2, 3, 4, 5, 3]",(x[0]/x[0])*0.05977752696258021/0.34946845653746406*(x[0]**0.2738803104409766) * (x[1]**0.04971313409985989) * (x[2]),[0.05977753 0.34946846 0.27388031 0.04971313],62.97766535624566,"{'fitness 25': 65.37090031231199, 'fitness 53': 62.79819288914454, 'fitness 74': 60.76390286728044, 'fitness 102': 60.2076479564189}",False
62,"[[0], [1], [2, 3], [1], [0, 1], [0, 1, 0, 1, 1], [0, 0]]",60.264638731365864,6,(((x[0]+Constant)**Constant)-x[0]) * (x[1]**Constant) * (x[2]),"[1, 1, 2, 1, 2, 3, 2]",(((x[0]+0.6973465785363904)**0.0213364177787575)-x[0]) * (x[1]**0.25210570201209537) * (x[2]),[0.69734658 0.02133642 0.2521057 ],62.984780599432604,"{'fitness 25': 65.2643624083498, 'fitness 53': 62.79121881346302, 'fitness 74': 60.89876057648498, 'fitness 102': 60.264638731365864}",False
63,"[[0], [3], [3], [2, 0], [1, 1], [1, 1, 1], []]",60.30024040612988,3,Constant * (x[1]**Constant) * (x[2]),"[1, 1, 0, 0, 0, 1, 0]",0.04053420917681905 * (x[1]**0.12426099581449224) * (x[2]),[0.04053421 0.124261  ],63.07037394519682,"{'fitness 25': 65.46299605635602, 'fitness 53': 62.89059788889257, 'fitness 74': 60.85752789034186, 'fitness 102': 60.30024040612988}",False
64,"[[0], [1], [1, 1], [2, 0, 1, 0], [3, 1, 1, 2, 2, 1], [0, 0, 1, 0, 1, 0, 1], [0, 0, 0, 0]]",61.67533826332087,6,((x[0]/x[0]-Constant)-((x[0]*Constant)*x[0]-Constant)) * (x[1]**Constant) * (x[2]),"[1, 1, 2, 4, 6, 7, 4]",((x[0]/x[0]-0.6003772759971139)-((x[0]*0.4721302707956567)*x[0]-0.041597367125045914)) * (x[1]**0.4002471620843081) * (x[2]),[0.60037728 0.47213027 0.04159737 0.40024716],64.30814905978303,"{'fitness 25': 66.38063960095785, 'fitness 53': 64.09059197515563, 'fitness 74': 62.45321560323561, 'fitness 102': 61.67533826332087}",False
65,"[[0], [0], [0, 3], [0, 1], [1, 1, 2, 3], [1, 1, 1, 1, 0], [0]]",61.69580500599107,5,Constant-Constant-(Constant*Constant)/x[0] * (x[1]**Constant) * (x[2]),"[1, 1, 2, 2, 4, 5, 1]",0.6586420555864667-0.834665318044948-(0.03613195623986054*0.12546686856735034)/x[0] * (x[1]**0.7121423286819736) * (x[2]),[0.65864206 0.83466532 0.03613196 0.12546687 0.71214233],64.58246825088844,"{'fitness 25': 67.09382609826757, 'fitness 53': 64.38984928551017, 'fitness 74': 62.263729368887596, 'fitness 102': 61.69580500599107}",False
66,"[[0], [1], [2, 0], [0, 1, 0], [0, 1, 0, 3, 1], [1, 0, 1, 1, 1, 0], [0, 0, 0, 0]]",63.25398340543019,6,((Constant+x[0]**Constant)-(Constant+Constant)/Constant-x[0]) * (x[1]**Constant) * (x[2]),"[1, 1, 2, 3, 5, 6, 2]",((0.08177562021530216+x[0]**0.10947308881250628)-(0.8995414514487978+0.6987949434092182)/0.816417871102522-x[0]) * (x[1]**0.10462213945792931) * (x[2]),[0.08177562 0.10947309 0.89954145 0.69879494 0.81641787 0.10462214],66.05956266939097,"{'fitness 25': 68.45954915686052, 'fitness 53': 65.86808590025963, 'fitness 74': 63.85105295105277, 'fitness 102': 63.25398340543019}",False
67,"[[0], [1], [1, 0], [0, 2, 2, 0], [3, 1, 0, 1, 3], [0, 0, 1, 1, 1, 0], [0, 0, 0]]",68.77940279849379,6,((x[0]/x[0]-Constant)+Constant-Constant/x[0]) * (x[1]**Constant) * (x[2]),"[1, 1, 2, 4, 5, 6, 3]",((x[0]/x[0]-0.7168688719958362)+0.28661677089999105-0.9128547081777284/x[0]) * (x[1]**0.39893378523736045) * (x[2]),[0.71686887 0.28661677 0.91285471 0.39893379],72.22852080309211,"{'fitness 25': 75.58146514544883, 'fitness 53': 72.07018898956089, 'fitness 74': 69.03390827426658, 'fitness 102': 68.77940279849379}",False
68,"[[0], [0], [2, 3], [1, 2], [2, 1, 3], [1, 0, 1, 1], [0]]",75.0937780514057,6,((Constant*x[0])**Constant)-Constant * (x[1]**Constant) * (x[2]),"[1, 1, 2, 1, 2, 3, 1]",((0.680382000010666*x[0])**0.8584781121898583)-0.702699024644475 * (x[1]**0.4286566765055715) * (x[2]),[0.680382   0.85847811 0.70269902 0.42865668],78.55157815803484,"{'fitness 25': 81.43385527317294, 'fitness 53': 78.27300883227521, 'fitness 74': 75.94787036865641, 'fitness 102': 75.0937780514057}",False
69,"[[0], [0], [1, 3], [0, 0], [2, 0, 2, 1], [0, 0, 1, 1, 1], [0, 0]]",89.53682004081529,6,(x[0]*x[0]+Constant*Constant)-Constant * (x[1]**Constant) * (x[2]),"[1, 1, 2, 2, 4, 5, 2]",(x[0]*x[0]+0.8403467050108563*0.3000737103507408)-0.18628115483880459 * (x[1]**0.671362250329588) * (x[2]),[0.84034671 0.30007371 0.18628115 0.67136225],94.32545928793786,"{'fitness 25': 98.13267789365206, 'fitness 53': 93.85762226007242, 'fitness 74': 90.9860777100891, 'fitness 102': 89.53682004081529}",False
70,"[[0], [2], [0], [2, 1], [1, 3, 1], [1, 0, 0, 0], [0, 0]]",95.62628523153538,6,(Constant-(x[0]/x[0])**Constant) * (x[1]**Constant) * (x[2]),"[1, 1, 1, 2, 2, 3, 2]",(0.33416478465467225-(x[0]/x[0])**0.3307516205384311) * (x[1]**0.5357245333427042) * (x[2]),[0.33416478 0.33075162 0.53572453],100.31092163898329,"{'fitness 25': 104.03916280809973, 'fitness 53': 99.85196735496463, 'fitness 74': 97.04163475388548, 'fitness 102': 95.62628523153538}",False
71,"[[0], [1], [1, 0], [0, 0, 0, 1], [3, 1, 0, 1, 0, 1, 0], [1, 0, 0, 0, 0, 0, 1, 1], [0, 0, 0, 0, 0]]",122.44736984064143,6,((Constant/x[0]-x[0]+x[0])-x[0]+x[0]-(Constant+Constant)) * (x[1]**Constant) * (x[2]),"[1, 1, 2, 4, 7, 8, 5]",((0.18642119004620783/x[0]-x[0]+x[0])-x[0]+x[0]-(0.019627076090973694+0.604354612262117)) * (x[1]**0.6587712158788608) * (x[2]),[0.18642119 0.01962708 0.60435461 0.65877122],128.46979070010045,"{'fitness 25': 132.25672722801858, 'fitness 53': 127.73143782330054, 'fitness 74': 125.42120704898217, 'fitness 102': 122.44736984064143}",False
72,"[[0], [0], [2, 0], [0, 1, 1, 2], [0, 2, 1, 1, 2, 3, 3], [0, 0, 1, 1, 0, 1, 1], [0, 0, 0]]",126.1492102892132,6,(x[0]+x[0]**Constant)*(Constant-Constant)-(x[0]*Constant) * (x[1]**Constant) * (x[2]),"[1, 1, 2, 3, 5, 6, 3]",(x[0]+x[0]**0.7221203409365184)*(0.15218572982837442-0.7080049423411132)-(x[0]*0.10897273776177596) * (x[1]**0.8204132048581513) * (x[2]),[0.72212034 0.15218573 0.70800494 0.10897274 0.8204132 ],132.61425508787977,"{'fitness 25': 136.33450781999636, 'fitness 53': 131.7493817164634, 'fitness 74': 129.75887572717957, 'fitness 102': 126.1492102892132}",False
73,"[[0], [0], [2, 0], [1, 2, 2], [3, 1, 3], [1, 0, 1, 0], [0, 0]]",127.03719948694585,6,((Constant/x[0])**Constant)-Constant/x[0] * (x[1]**Constant) * (x[2]),"[1, 1, 2, 3, 3, 4, 2]",((0.17521052319505626/x[0])**0.04764477272551193)-0.9413430708395535/x[0] * (x[1]**0.5546889599418183) * (x[2]),[0.17521052 0.04764477 0.94134307 0.55468896],135.31051542407587,"{'fitness 25': 143.62849637944907, 'fitness 53': 134.66398384846167, 'fitness 74': 127.6390660443169, 'fitness 102': 127.03719948694585}",False
74,"[[0], [3], [], [0, 2], [], [0], [0]]",133.15429253303176,4,x[0] * (x[1]**Constant) * (x[2]),"[1, 1, 0, 0, 0, 1, 1]",x[0] * (x[1]**0.6804455686971674) * (x[2]),[0.68044557],139.78851896963275,"{'fitness 25': 141.73234273156856, 'fitness 53': 138.5291433289917, 'fitness 74': 139.10407084833795, 'fitness 102': 133.15429253303176}",False
75,"[[0], [0], [1, 2], [1, 2, 1], [2, 2, 2, 0], [0, 0, 1, 1, 1], [0, 0]]",160.93538191147778,6,((x[0]*x[0])*Constant)*((Constant+Constant)**Constant) * (x[1]**Constant) * (x[2]),"[1, 1, 2, 3, 4, 5, 2]",((x[0]*x[0])*0.6363806357201965)*((0.9301236604080135+0.01144924161850236)**0.7914159558300246) * (x[1]**0.7348538447577622) * (x[2]),[0.63638064 0.93012366 0.01144924 0.79141596 0.73485384],167.9643862594742,"{'fitness 25': 169.78978459788615, 'fitness 53': 166.53446289783025, 'fitness 74': 167.56891128270618, 'fitness 102': 160.93538191147778}",False
76,"[[0], [3], [], [], [], [1], []]",204.32411450623025,3,Constant * (x[1]**Constant) * (x[2]),"[1, 1, 0, 0, 0, 1, 0]",0.807369255481053 * (x[1]**0.7543095267981685) * (x[2]),[0.80736926 0.75430953],220.75279916553419,"{'fitness 25': 231.54332111968682, 'fitness 53': 218.2255878961841, 'fitness 74': 212.4894884807317, 'fitness 102': 204.32411450623025}",False
77,"[[0], [1], [1, 0], [2, 1, 1, 0], [3, 0, 0, 3, 0, 3], [1, 1, 0, 0, 0, 0, 1], [0, 0, 0, 0, 0, 0]]",231.61010171361875,6,((Constant/(Constant+x[0]))+(x[0]/x[0])+x[0]/Constant) * (x[1]**Constant) * (x[2]),"[1, 1, 2, 4, 6, 7, 4]",((0.6494649053842397/(0.7422516808551349+x[0]))+(x[0]/x[0])+x[0]/0.5158703344662465) * (x[1]**0.5933247948065886) * (x[2]),[0.64946491 0.74225168 0.51587033 0.59332479],243.4701102408322,"{'fitness 25': 249.13941571769772, 'fitness 53': 241.37939775539687, 'fitness 74': 239.891517249402, 'fitness 102': 231.61010171361875}",False
78,"[[0], [3], [2, 1], [], [], [1], [0]]",312.51015462524913,3,Constant * (x[1]**Constant) * (x[2]),"[1, 1, 0, 0, 0, 1, 0]",0.41316409359565487 * (x[1]**0.8744361243634222) * (x[2]),[0.41316409 0.87443612],340.5867687415866,"{'fitness 25': 359.17725491168386, 'fitness 53': 336.3972289382148, 'fitness 74': 326.185822374861, 'fitness 102': 312.51015462524913}",False
79,"[[0], [0], [1, 0], [2, 2, 2, 0], [3, 3, 3, 2, 2], [0, 1, 0, 0, 1, 0, 0], [0, 0, 0]]",385.54932405147457,6,(x[0]/Constant)/x[0]/x[0]*Constant * (x[1]**Constant) * (x[2]),"[1, 1, 2, 4, 4, 5, 3]",(x[0]/0.1455675544625612)/x[0]/x[0]*0.1427974097509549 * (x[1]**0.7759815691983065) * (x[2]),[0.14556755 0.14279741 0.77598157],434.84075357464644,"{'fitness 25': 486.9282677014568, 'fitness 53': 427.6704343713099, 'fitness 74': 389.92355865117264, 'fitness 102': 385.54932405147457}",False
80,"[[0], [2], [2], [2], [2, 2], [0, 1, 1], [0]]",528.8585349931991,6,((x[0]**Constant)**Constant) * (x[1]**Constant) * (x[2]),"[1, 1, 1, 1, 0, 1, 1]",((x[0]**0.37429109808078564)**0.6341301873167904) * (x[1]**0.8234496480780252) * (x[2]),[0.3742911  0.63413019 0.82344965],568.1175366269073,"{'fitness 25': 591.0952553756623, 'fitness 53': 562.2288938617106, 'fitness 74': 551.028460643349, 'fitness 102': 528.8585349931991}",False
81,"[[0], [0], [2, 1], [2, 0, 1], [3, 0, 0, 3], [0, 1, 0, 1, 0], [0, 0, 0]]",569.4887445363678,6,(x[0]**Constant)/(Constant+x[0]+(Constant/x[0])) * (x[1]**Constant) * (x[2]),"[1, 1, 2, 3, 4, 5, 3]",(x[0]**0.3818137408462571)/(0.1845832268531915+x[0]+(0.8258637275399596/x[0])) * (x[1]**0.9170440537996263) * (x[2]),[0.38181374 0.18458323 0.82586373 0.91704405],612.7127537727755,"{'fitness 25': 634.4352169733422, 'fitness 53': 606.6386909668985, 'fitness 74': 597.0643533780858, 'fitness 102': 569.4887445363678}",False
82,"[[0], [2], [2], [2, 1], [1, 3, 1], [1], [0, 0]]",595.1199637602484,5,((Constant**Constant)**Constant) * (x[1]**Constant) * (x[2]),"[1, 1, 1, 1, 0, 1, 0]",((0.6079257069192506**0.9463899859338345)**0.35394363089794) * (x[1]**0.8564935846017508) * (x[2]),[0.60792571 0.94638999 0.35394363 0.85649358],645.7033405870417,"{'fitness 25': 679.6635273029718, 'fitness 53': 638.3005814780529, 'fitness 74': 619.1459129801005, 'fitness 102': 595.1199637602484}",False
83,"[[0], [2], [2], [1], [3], [1, 1], []]",692.9031670990282,5,(((Constant/Constant)**Constant)**Constant) * (x[1]**Constant) * (x[2]),"[1, 1, 1, 1, 1, 2, 0]",(((0.9679750238789686/0.3805652863550536)**0.08221191966718855)**0.41086152742174753) * (x[1]**0.8495102361124569) * (x[2]),[0.96797502 0.38056529 0.08221192 0.41086153 0.84951024],751.02113971762,"{'fitness 25': 790.1373555702453, 'fitness 53': 742.5435403223825, 'fitness 74': 720.3825232602323, 'fitness 102': 692.9031670990282}",False
84,"[[0], [3], [1, 3], [], [], [0], [0, 0, 0]]",707.7433063467711,4,x[0] * (x[1]**Constant) * (x[2]),"[1, 1, 0, 0, 0, 1, 1]",x[0] * (x[1]**0.8460533416812711) * (x[2]),[0.84605334],749.1985468797442,"{'fitness 25': 765.230531391809, 'fitness 53': 742.2623901926971, 'fitness 74': 740.1027190547262, 'fitness 102': 707.7433063467711}",False
85,"[[0], [2], [1], [0, 1, 0], [3, 1, 1, 2, 2], [1, 1, 1, 1], [0, 0, 0, 0]]",818.1429331490403,5,((Constant/Constant-(Constant-Constant))**Constant) * (x[1]**Constant) * (x[2]),"[1, 1, 1, 2, 3, 4, 0]",((0.4981615505692626/0.14679519014795817-(0.3426728487452816-0.5172756648172071))**0.3520370057001624) * (x[1]**0.8184304081869795) * (x[2]),[0.49816155 0.14679519 0.34267285 0.51727566 0.35203701 0.81843041],884.0976611704904,"{'fitness 25': 928.6619141646158, 'fitness 53': 874.5039122591105, 'fitness 74': 849.1271570877445, 'fitness 102': 818.1429331490403}",False
86,"[[0], [0], [3, 2], [1, 1], [2, 0], [1, 1, 0], [0, 0]]",880.5989862776884,6,Constant*((Constant+x[0])**Constant) * (x[1]**Constant) * (x[2]),"[1, 1, 2, 1, 2, 3, 1]",0.6936539383706666*((0.022532604788823796+x[0])**0.7030740751874097) * (x[1]**0.9156329163064086) * (x[2]),[0.69365394 0.0225326  0.70307408 0.91563292],940.9631972267758,"{'fitness 25': 968.9537300488893, 'fitness 53': 931.6646202633957, 'fitness 74': 922.2712413680428, 'fitness 102': 880.5989862776884}",False
87,"[[0], [3], [0], [2, 2], [], [1, 1], []]",940.2744565964476,3,Constant * (x[1]**Constant) * (x[2]),"[1, 1, 0, 0, 0, 1, 0]",0.8663704511198138 * (x[1]**0.9037688415198246) * (x[2]),[0.86637045 0.90376884],1023.022342444942,"{'fitness 25': 1078.7494032242157, 'fitness 53': 1011.0231959535859, 'fitness 74': 979.2944281570246, 'fitness 102': 940.2744565964476}",False
88,"[[0], [1], [2, 2], [0, 1], [0, 2, 0, 2], [0, 0, 0, 0, 0], [0, 0, 0, 0]]",1213.7048948483325,6,((x[0]+x[0]**Constant)*((x[0]+x[0])**Constant)) * (x[1]**Constant) * (x[2]),"[1, 1, 2, 2, 3, 4, 4]",((x[0]+x[0]**0.5102112869817025)*((x[0]+x[0])**0.27941466077806043)) * (x[1]**0.8007511789330951) * (x[2]),[0.51021129 0.27941466 0.80075118],1280.642098257058,"{'fitness 25': 1306.6169144512148, 'fitness 53': 1269.235347891996, 'fitness 74': 1266.0740324279627, 'fitness 102': 1213.7048948483325}",False
89,"[[0], [1], [0, 1], [0, 2, 0, 2], [1, 3, 2, 2, 0], [0, 0, 1, 0, 1, 0], [0, 0, 0, 0]]",1238.7315349893602,6,(x[0]-x[0]/Constant*(x[0]*Constant+x[0])) * (x[1]**Constant) * (x[2]),"[1, 1, 2, 4, 5, 6, 4]",(x[0]-x[0]/0.9209716905367217*(x[0]*0.2403997192649434+x[0])) * (x[1]**0.9570448868488606) * (x[2]),[0.92097169 0.24039972 0.95704489],1292.8937600167496,"{'fitness 25': 1310.033134361904, 'fitness 53': 1281.2312097237552, 'fitness 74': 1287.4169359645896, 'fitness 102': 1238.7315349893602}",False
90,"[[0], [0], [0, 3], [2, 1], [2, 1, 3], [1, 0, 1, 1], [0, 0]]",1360.2206454344926,6,Constant*(x[0]-Constant)/Constant * (x[1]**Constant) * (x[2]),"[1, 1, 2, 2, 3, 4, 1]",0.4017027328158681*(x[0]-0.10786715783821954)/0.3443570201713093 * (x[1]**0.9123397496424822) * (x[2]),[0.40170273 0.10786716 0.34435702 0.91233975],1441.956015970158,"{'fitness 25': 1472.5495963626597, 'fitness 53': 1428.5116568270514, 'fitness 74': 1424.806794720763, 'fitness 102': 1360.2206454344926}",False
91,"[[0], [1], [2, 3], [1], [3, 2], [1, 0, 1], [0, 0]]",1427.1382353121492,6,(((Constant/x[0])**Constant)*Constant) * (x[1]**Constant) * (x[2]),"[1, 1, 2, 1, 2, 3, 1]",(((0.7391912362989035/x[0])**0.7071290215954843)*0.8025630166549883) * (x[1]**0.9782438805940381) * (x[2]),[0.73919124 0.70712902 0.80256302 0.97824388],1614.4337389546893,"{'fitness 25': 1788.2600870375518, 'fitness 53': 1584.1463506809564, 'fitness 74': 1470.8947791455596, 'fitness 102': 1427.1382353121492}",False
92,"[[0], [1], [0, 0], [2, 1, 2, 1], [0, 2, 3, 2, 0], [0, 1, 0, 1, 1, 1], [0, 0, 0]]",1497.4672466559157,6,(x[0]+(Constant*x[0])/Constant*(Constant+Constant)) * (x[1]**Constant) * (x[2]),"[1, 1, 2, 4, 5, 6, 2]",(x[0]+(0.6578521984677466*x[0])/0.8457868713524596*(0.042908921348970064+0.6426495791033809)) * (x[1]**0.8793049739024955) * (x[2]),[0.6578522  0.84578687 0.04290892 0.64264958 0.87930497],1587.484947767565,"{'fitness 25': 1623.5031043505269, 'fitness 53': 1572.7614894475732, 'fitness 74': 1566.190249504595, 'fitness 102': 1497.4672466559157}",False
93,"[[0], [3], [2, 2], [2, 2, 1, 2], [0, 2, 0, 2], [0, 0, 0, 0, 0], [0, 0, 0, 0, 0]]",2376.9317265102895,4,x[0] * (x[1]**Constant) * (x[2]),"[1, 1, 0, 0, 0, 1, 1]",x[0] * (x[1]**0.98192223476699) * (x[2]),[0.98192223],2534.0356629783473,"{'fitness 25': 2598.643066589763, 'fitness 53': 2509.452830057857, 'fitness 74': 2494.0110922874214, 'fitness 102': 2376.9317265102895}",False
94,"[[0], [3], [], [], [], [0], [0]]",2484.273119916071,4,x[0] * (x[1]**Constant) * (x[2]),"[1, 1, 0, 0, 0, 1, 1]",x[0] * (x[1]**0.9869674760671927) * (x[2]),[0.98696748],2649.193834449756,"{'fitness 25': 2717.118152714971, 'fitness 53': 2623.444680809008, 'fitness 74': 2607.018669825289, 'fitness 102': 2484.273119916071}",False
95,"[[0], [0], [1, 3], [2, 1], [2, 0, 3, 0], [0, 0, 1, 1], [0, 0, 0]]",3255.897604478851,6,(x[0]*(x[0]+Constant))/Constant * (x[1]**Constant) * (x[2]),"[1, 1, 2, 2, 3, 4, 2]",(x[0]*(x[0]+0.7635819433013067))/0.2435196149119977 * (x[1]**0.7750213721678859) * (x[2]),[0.76358194 0.24351961 0.77502137],3411.4019818423185,"{'fitness 25': 3461.792979997819, 'fitness 53': 3382.3343581317763, 'fitness 74': 3390.07860739736, 'fitness 102': 3255.897604478851}",False
96,"[[0], [1], [1, 3], [0, 2], [0, 0, 1], [0, 0, 1, 1], [0, 0, 0, 0, 0, 0]]",3311.1951591823654,6,((x[0]+x[0]+Constant)-Constant) * (x[1]**Constant) * (x[2]),"[1, 1, 2, 2, 3, 4, 2]",((x[0]+x[0]+0.8123299667527482)-0.7276747603950563) * (x[1]**0.9345188139744353) * (x[2]),[0.81232997 0.72767476 0.93451881],3522.7041429151636,"{'fitness 25': 3611.338830039679, 'fitness 53': 3489.210254586811, 'fitness 74': 3467.563344119002, 'fitness 102': 3311.1951591823654}",False
97,"[[0], [0], [2, 0], [2, 1, 1], [3, 0, 0, 3], [0, 0, 1, 0, 1], [0, 0, 0]]",4118.30893403733,6,(x[0]**Constant)/(x[0]+Constant)+(x[0]/Constant) * (x[1]**Constant) * (x[2]),"[1, 1, 2, 3, 4, 5, 3]",(x[0]**0.5856350494447947)/(x[0]+0.4094486723990305)+(x[0]/0.21983915239457608) * (x[1]**0.867663526956228) * (x[2]),[0.58563505 0.40944867 0.21983915 0.86766353],4361.87740061133,"{'fitness 25': 4460.679411035323, 'fitness 53': 4322.068727779254, 'fitness 74': 4302.884063019414, 'fitness 102': 4118.30893403733}",False
98,"[[0], [1], [3, 1], [2, 2], [0, 0], [0, 0, 1], [0, 0]]",4881.074810200684,6,(x[0]+(x[0]+Constant)) * (x[1]**Constant) * (x[2]),"[1, 1, 2, 2, 2, 3, 2]",(x[0]+(x[0]+0.35668414586267305)) * (x[1]**0.9662982697095563) * (x[2]),[0.35668415 0.96629827],5212.713157830492,"{'fitness 25': 5361.802814059971, 'fitness 53': 5161.606773549788, 'fitness 74': 5114.729885881716, 'fitness 102': 4881.074810200684}",False
99,"[[0], [1], [2, 2], [0, 2, 0], [0, 3, 0, 2], [0, 0, 1, 0, 1], [0, 0, 0]]",11602.201655111407,6,((x[0]+x[0]**Constant)/(Constant**Constant)) * (x[1]**Constant) * (x[2]),"[1, 1, 2, 2, 2, 3, 2]",((x[0]+x[0]**0.2517133650162243)/(0.13722310628561163**0.891772657685334)) * (x[1]**0.8813706740445965) * (x[2]),[0.25171337 0.13722311 0.89177266 0.88137067],12378.09570623652,"{'fitness 25': 12765.538606546826, 'fitness 53': 12259.433248074667, 'fitness 74': 12109.315264088062, 'fitness 102': 11602.201655111407}",False
