,genotype,fitness,mapping_values,tree_depth,original_phenotype,phenotype,opt_const,fitness val,other_info,optimized
0,"[[0], [0], [1, 3], [3, 3], [0, 0, 1, 0], [3, 0], [1, 0, 0, 1, 1, 1, 0, 0], [0, 0]]",0.3166264027995495,"[1, 1, 2, 2, 0, 2, 3, 2]",6,(Constant/x[0])+x[0],(0.7044599820961823/x[0])+x[0],[0.70445998],0.30091405117103903,"{'fitness 25': 0.24627584225585256, 'fitness 53': 0.33048846590443665, 'fitness 74': 0.3259778453528279, 'fitness 102': 0.3166264027995495}",False
1,"[[0], [0], [1, 0], [3, 1, 0, 1], [0, 1, 1, 0, 1, 0], [3, 2, 0, 2, 3, 0, 0, 3, 2, 2, 3, 3], [1, 1, 1, 1, 1, 0, 0, 1, 1, 1, 1, 1, 1], [0, 0, 0, 0]]",0.3315871150865783,"[1, 1, 2, 4, 6, 12, 13, 2]",7,(Constant/(Constant*Constant+(Constant*Constant)))/(x[0]+x[0])+Constant/Constant*((Constant*Constant)/Constant/Constant),(0.5189711546879262/(0.3535398071491329*0.7688014084285231+(0.7777100684194245*0.6217560405086542)))/(x[0]+x[0])+0.6304384579593648/0.8257115375649291*((0.42410658349993513*0.20355890208766925)/0.4460869656608789/0.11988849259120005),"[0.51897115 0.35353981 0.76880141 0.77771007 0.62175604 0.63043846
 0.82571154 0.42410658 0.2035589  0.44608697 0.11988849]",0.3035214520613531,"{'fitness 25': 0.235847932884779, 'fitness 53': 0.33004342481768284, 'fitness 74': 0.3446729984815976, 'fitness 102': 0.3315871150865783}",False
2,"[[0], [1], [0, 0], [0, 3, 1, 3], [1, 0, 0, 1], [3, 3, 3, 0, 1, 3, 3, 2, 2], [1, 1, 1, 0, 0, 0, 1, 0, 1, 1], [0, 0, 0, 1]]",0.358889156878602,"[1, 1, 2, 4, 4, 9, 10, 4]",7,((Constant/Constant)/Constant/x[0]+x[0]-(x[0]/Constant/(x[1]*Constant))*Constant),((0.36347249512852986/0.43386434347367075)/0.791909741619969/x[0]+x[0]-(x[0]/0.7680299342825078/(x[1]*0.18835331708214287))*0.17662736063550433),[0.3634725  0.43386434 0.79190974 0.76802993 0.18835332 0.17662736],0.37977611189666494,"{'fitness 25': 0.41504071745985976, 'fitness 53': 0.38380286267427144, 'fitness 74': 0.3404847555558635, 'fitness 102': 0.358889156878602}",False
3,"[[0], [2], [1], [0, 0], [0, 0, 1, 0], [2, 2, 0, 0, 3, 0, 0], [1, 0, 0, 1, 1, 1, 0, 0], [0, 0, 0, 0]]",0.4323978895986278,"[1, 1, 1, 2, 4, 7, 8, 4]",7,((Constant*x[0]*x[0]+Constant+(Constant/Constant)+x[0]+x[0])**Constant),((0.6751107188212236*x[0]*x[0]+0.8212660724641866+(0.952043862345536/0.01194043972388803)+x[0]+x[0])**0.10950930674228954),[0.67511072 0.82126607 0.95204386 0.01194044 0.10950931],0.4007446023815653,"{'fitness 25': 0.33221101274129244, 'fitness 53': 0.43461083780407256, 'fitness 74': 0.4354119565993309, 'fitness 102': 0.4323978895986278}",False
4,"[[0], [2], [2], [3], [], [], [0, 0, 1], [1, 1]]",0.44149044277911653,"[1, 1, 1, 1, 0, 0, 1, 1]",6,((x[1]**Constant)**Constant),((x[1]**0.08571805270411059)**0.7412323662561192),[0.08571805 0.74123237],0.3995123684814745,"{'fitness 25': 0.3225485408655032, 'fitness 53': 0.4344234323195141, 'fitness 74': 0.44156513225940613, 'fitness 102': 0.44149044277911653}",False
5,"[[0], [1], [2, 2], [2, 3], [1], [2, 0], [0, 0, 1], [1, 1]]",0.45600373941916017,"[1, 1, 2, 2, 1, 2, 3, 2]",7,((((x[1]*x[1])**Constant)**Constant)+(Constant**Constant)),((((x[1]*x[1])**0.02454156192891177)**0.7874519707946313)+(0.7650425467434235**0.4845369011380666)),[0.02454156 0.78745197 0.76504255 0.4845369 ],0.474121268344552,"{'fitness 25': 0.4888357942167138, 'fitness 53': 0.47682089305857056, 'fitness 74': 0.45670711775837153, 'fitness 102': 0.45600373941916017}",False
6,"[[0], [0], [2, 3], [1, 0, 3, 0], [0, 1, 0, 2, 0, 0], [0, 1, 2, 3, 2, 3, 3, 1, 2, 0, 1], [0, 0, 0, 1, 0, 0, 0, 1, 0, 1, 1, 1], [0, 1, 0, 0, 0, 1, 0]]",0.49532209020885304,"[1, 1, 2, 1, 2, 4, 5, 4]",7,((x[0]+x[1]-(x[0]*Constant))**Constant)/x[0],((x[0]+x[1]-(x[0]*0.18575583884883562))**0.05066088436843452)/x[0],[0.18575584 0.05066088],0.4990949602564809,"{'fitness 25': 0.5255541415672873, 'fitness 53': 0.5035271653372377, 'fitness 74': 0.46820357386491784, 'fitness 102': 0.49532209020885304}",False
7,"[[0], [2], [0], [3, 1], [1, 2], [0, 3, 1], [1, 1, 1, 1], []]",0.5742650865479711,"[1, 1, 1, 2, 2, 3, 4, 0]",6,(Constant+((Constant/Constant)-Constant)**Constant),(0.4530241815898962+((0.913313711277314/0.6970067150081805)-0.3895956087231688)**0.18397008142971594),[0.45302418 0.91331371 0.69700672 0.38959561 0.18397008],0.5399877753104261,"{'fitness 25': 0.47083270243303266, 'fitness 53': 0.5716547694879042, 'fitness 74': 0.5774758540103415, 'fitness 102': 0.5742650865479711}",False
8,"[[0], [0], [3, 3], [3, 2], [1], [0, 3, 0], [0, 1, 1, 0], [0]]",0.6690245677372335,"[1, 1, 2, 0, 0, 1, 2, 1]",5,x[0]+Constant,x[0]+0.6633161359994378,[0.66331614],0.6392497378834983,"{'fitness 25': 0.5805886520459705, 'fitness 53': 0.6767253672711533, 'fitness 74': 0.6604351943333708, 'fitness 102': 0.6690245677372335}",False
9,"[[0], [2], [1], [0, 1], [2, 2, 2, 1], [0, 2, 3, 3], [1, 1, 1, 1, 0], [0]]",0.6805630255015143,"[1, 1, 1, 2, 4, 4, 5, 1]",7,((Constant+Constant*(Constant/(Constant/x[0])))**Constant),((0.8137971145573359+0.681326997634402*(0.6302304029692902/(0.35036030947319463/x[0])))**0.49189951844572233),[0.81379711 0.681327   0.6302304  0.35036031 0.49189952],0.6444872415569906,"{'fitness 25': 0.5764298017023368, 'fitness 53': 0.6797754031770803, 'fitness 74': 0.6772565197915548, 'fitness 102': 0.6805630255015143}",False
10,"[[0], [2], [1], [2, 1], [1, 1, 1], [3, 0, 2, 0, 2], [1, 1, 1, 0, 0, 0], [0, 0, 0, 0]]",0.6820192401672807,"[1, 1, 1, 2, 3, 5, 6, 3]",7,((((Constant/Constant)**Constant)+((Constant*x[0])+(x[0]*x[0])))**Constant),((((0.9552675647560189/0.8564988403304388)**0.0593358261534751)+((0.70781934944519*x[0])+(x[0]*x[0])))**0.35380926792393586),[0.95526756 0.85649884 0.05933583 0.70781935 0.35380927],0.6462272972080091,"{'fitness 25': 0.5784728284820285, 'fitness 53': 0.6817405799120783, 'fitness 74': 0.6784684832299205, 'fitness 102': 0.6820192401672807}",False
11,"[[0], [0], [2, 3], [3], [], [3, 1, 2, 0, 1, 1, 2, 1], [0, 1], [0]]",0.7096948537317468,"[1, 1, 2, 1, 0, 1, 2, 1]",6,(x[0]**Constant)/Constant,(x[0]**0.6542207177762849)/0.5833594222510139,[0.65422072 0.58335942],0.6805614656246589,"{'fitness 25': 0.6244981556893103, 'fitness 53': 0.7186696545662438, 'fitness 74': 0.6985165866184228, 'fitness 102': 0.7096948537317468}",False
12,"[[0], [1], [1, 2], [2, 3, 2], [2, 2], [3, 2], [0, 1, 0], [0, 1]]",0.7494231008080765,"[1, 1, 2, 3, 2, 2, 3, 2]",7,(((x[0]**Constant)/Constant)*((x[1]**Constant)**Constant)),(((x[0]**0.3689833942788091)/0.9704055174681129)*((x[1]**0.07177836672901017)**0.5280134205495007)),[0.36898339 0.97040552 0.07177837 0.52801342],0.706541032426531,"{'fitness 25': 0.6339655339395295, 'fitness 53': 0.7436693089173463, 'fitness 74': 0.7419882544227173, 'fitness 102': 0.7494231008080765}",False
13,"[[0], [0], [0, 3], [3, 2], [1], [0, 2, 0], [1, 1, 1, 1], []]",0.7743832526049075,"[1, 1, 2, 2, 1, 3, 4, 0]",6,Constant+((Constant*Constant)**Constant)+Constant,0.3869301462337813+((0.4638300069560509*0.28201680315409283)**0.8777589065604671)+0.6565959376838798,[0.38693015 0.46383001 0.2820168  0.87775891 0.65659594],0.7396558166022115,"{'fitness 25': 0.6728059288712438, 'fitness 53': 0.7685910348268593, 'fitness 74': 0.7775704861085311, 'fitness 102': 0.7743832526049075}",False
14,"[[0], [2], [2], [2], [0], [0], [0, 1], [0]]",0.8909960909515835,"[1, 1, 1, 1, 1, 1, 2, 1]",7,(((x[0]+Constant**Constant)**Constant)**Constant),(((x[0]+0.5379917331568079**0.5459495927358016)**0.5247901615924245)**0.3622294818001378),[0.53799173 0.54594959 0.52479016 0.36222948],0.8552851248429995,"{'fitness 25': 0.7891069906691487, 'fitness 53': 0.8846481911979052, 'fitness 74': 0.8921001926619444, 'fitness 102': 0.8909960909515835}",False
15,"[[0], [2], [2], [2], [0], [0], [0, 1], [0]]",0.8977269285219648,"[1, 1, 1, 1, 1, 1, 2, 1]",7,(((x[0]+Constant**Constant)**Constant)**Constant),(((x[0]+0.4572522769068168**0.7243798424073287)**0.43618617129863724)**0.5239437345726671),[0.45725228 0.72437984 0.43618617 0.52394373],0.861690495256673,"{'fitness 25': 0.7954208232232897, 'fitness 53': 0.8914962319976466, 'fitness 74': 0.8981544305490826, 'fitness 102': 0.8977269285219648}",False
16,"[[0], [0], [2, 3], [3], [], [3], [1, 1], []]",0.9217188144063877,"[1, 1, 2, 1, 0, 1, 2, 0]",5,(Constant**Constant)/Constant,(0.7790868945230238**0.6871686209788267)/0.8002124245506758,[0.77908689 0.68716862 0.80021242],0.8870843059458019,"{'fitness 25': 0.8217957738247716, 'fitness 53': 0.9145866804846157, 'fitness 74': 0.9248704635280185, 'fitness 102': 0.9217188144063877}",False
17,"[[0], [1], [3, 0], [3, 3], [], [2, 0], [1, 1, 1], []]",0.9264244682651505,"[1, 1, 2, 2, 0, 2, 3, 0]",5,(Constant*Constant+Constant),(0.19645337963940246*0.6428058823899955+0.9213977821883935),[0.19645338 0.64280588 0.92139778],0.8917945743783725,"{'fitness 25': 0.8265512361885284, 'fitness 53': 0.919257512714614, 'fitness 74': 0.929574974231975, 'fitness 102': 0.9264244682651505}",False
18,"[[0], [2], [1], [2, 1], [1, 1, 2], [3, 0, 2, 0], [1, 0, 0, 0, 0], [0, 0, 0, 0]]",0.9297567156083494,"[1, 1, 1, 2, 3, 4, 5, 4]",7,((((Constant/x[0])**Constant)+((x[0]*x[0])+x[0]))**Constant),((((0.41985243643122927/x[0])**0.750643525176928)+((x[0]*x[0])+x[0]))**0.053144294142658866),[0.41985244 0.75064353 0.05314429],0.8947807462876716,"{'fitness 25': 0.8293334155073155, 'fitness 53': 0.9227474717275532, 'fitness 74': 0.9322613516281463, 'fitness 102': 0.9297567156083494}",False
19,"[[0], [2], [2], [0], [0, 0], [3, 0, 1], [0, 1, 1, 0], [0, 0]]",0.9478279330742505,"[1, 1, 1, 1, 2, 3, 4, 2]",7,((x[0]/Constant+Constant-x[0]**Constant)**Constant),((x[0]/0.7733247660879078+0.8721257673192718-x[0]**0.7047921794098986)**0.29406511427863113),[0.77332477 0.87212577 0.70479218 0.29406511],0.9120744174738161,"{'fitness 25': 0.8463871552394252, 'fitness 53': 0.9410463437926408, 'fitness 74': 0.9487897533893822, 'fitness 102': 0.9478279330742505}",False
20,"[[0], [2], [2], [1], [0, 2], [0, 0, 3], [1, 1, 1, 0], [0]]",0.9580776492155112,"[1, 1, 1, 1, 2, 2, 3, 0]",6,(((Constant+Constant+Constant)**Constant)**Constant),(((0.26165985614388254+0.35893616911674775+0.5840569086749541)**0.0968894500448172)**0.7777430345802555),[0.26165986 0.35893617 0.58405691 0.09688945 0.77774303],0.9234801401485875,"{'fitness 25': 0.8585333821969876, 'fitness 53': 0.9506865164415983, 'fitness 74': 0.9612205218071763, 'fitness 102': 0.9580776492155112}",False
21,"[[0], [1], [1, 0], [3, 3, 0, 0], [1, 2, 1, 2], [3, 2, 0, 3, 3, 1, 3], [1, 1, 0, 0, 1, 0, 0, 1], [0, 1, 1, 0]]",0.9588415952319392,"[1, 1, 2, 4, 4, 7, 8, 4]",7,((Constant/Constant)*(x[0]+x[1])/Constant/(x[1]-x[0])/Constant),((0.17747363980948516/0.3269452951167403)*(x[0]+x[1])/0.6269874631893457/(x[1]-x[0])/0.8550652717269339),[0.17747364 0.3269453  0.62698746 0.85506527],0.9243281474328381,"{'fitness 25': 0.8594589483621042, 'fitness 53': 0.9515275545457194, 'fitness 74': 0.9619979393906911, 'fitness 102': 0.9588415952319392}",False
22,"[[0], [2], [2], [2], [0, 2, 2, 1], [0, 2, 3, 3], [1, 1, 1, 1, 0], [0]]",0.9684616521643322,"[1, 1, 1, 1, 1, 1, 2, 0]",6,(((Constant+Constant**Constant)**Constant)**Constant),(((0.6875437807112897+0.3012883179739828**0.06614283234243179)**0.38016376348223335)**0.01735700354275771),[0.68754378 0.30128832 0.06614283 0.38016376 0.017357  ],0.933875195726562,"{'fitness 25': 0.8690229581211599, 'fitness 53': 0.9610005834254316, 'fitness 74': 0.9716020456330944, 'fitness 102': 0.9684616521643322}",False
23,"[[0], [2], [2], [3], [], [], [1], []]",0.9751440942987327,"[1, 1, 1, 1, 0, 0, 1, 0]",5,((Constant**Constant)**Constant),((0.8883897148288487**0.4852383771183312)**0.06811922733225084),[0.88838971 0.48523838 0.06811923],0.9405648427086352,"{'fitness 25': 0.8757727194702318, 'fitness 53': 0.9676389088598754, 'fitness 74': 0.9782828997957982, 'fitness 102': 0.9751440942987327}",False
24,"[[0], [1], [3, 2], [3], [], [0], [1, 1], [1]]",1.0126026349807196,"[1, 1, 2, 1, 0, 1, 2, 0]",5,(Constant+(Constant**Constant)),(0.7781565272027291+(0.07863209161964702**0.6776584460915693)),[0.77815653 0.07863209 0.67765845],0.9780648348431399,"{'fitness 25': 0.9135995768538308, 'fitness 53': 1.0048622697214507, 'fitness 74': 1.0157326579541381, 'fitness 102': 1.0126026349807196}",False
25,"[[0], [1], [2, 2], [2, 3], [1, 2], [0, 3, 1], [0, 1, 1], [0, 1]]",1.0135719753767265,"[1, 1, 2, 2, 1, 2, 3, 1]",7,((((x[0]+Constant)**Constant)**Constant)/(Constant**Constant)),((((x[0]+0.6582269521541665)**0.7531622200693319)**0.6973448444457463)/(0.395665833873314**0.82403414923377)),[0.65822695 0.75316222 0.69734484 0.39566583 0.82403415],1.0389978034431788,"{'fitness 25': 1.0594458386868146, 'fitness 53': 1.037007419122971, 'fitness 74': 1.0205401525197506, 'fitness 102': 1.0135719753767265}",False
26,"[[0], [2], [1], [3, 1], [1, 1, 2], [0, 0, 2, 0], [1, 1, 1, 0, 0, 0, 1], [0, 0, 0]]",1.0212591899969925,"[1, 1, 1, 2, 2, 4, 5, 2]",7,((Constant+((Constant+Constant)*(x[0]+x[0])))**Constant),((0.2883607563452607+((0.48910464757119687+0.6056400046780599)*(x[0]+x[0])))**0.9757420535870435),[0.28836076 0.48910465 0.60564    0.97574205],1.0271354924764748,"{'fitness 25': 1.0132209990670678, 'fitness 53': 1.0452996051206425, 'fitness 74': 1.0228858732417139, 'fitness 102': 1.0212591899969925}",False
27,"[[0], [2], [3], [], [], [], [0], [0]]",1.0391693108990265,"[1, 1, 1, 0, 0, 0, 1, 1]",5,(x[0]**Constant),(x[0]**0.36420442164483247),[0.36420442],1.0012042831546848,"{'fitness 25': 0.9355345111582503, 'fitness 53': 1.0325070441232962, 'fitness 74': 1.035571294182508, 'fitness 102': 1.0391693108990265}",False
28,"[[0], [3], [], [1], [2, 1], [], [1], [1, 1]]",1.0441558643529198,"[1, 1, 0, 0, 0, 0, 1, 0]",3,Constant,0.9235209445827548,[0.92352094],1.0096539641957496,"{'fitness 25': 0.9454511678375161, 'fitness 53': 1.0362320627784318, 'fitness 74': 1.0472786619713006, 'fitness 102': 1.0441558643529198}",False
29,"[[0], [2], [3], [], [], [], [0], [0]]",1.04794321889074,"[1, 1, 1, 0, 0, 0, 1, 1]",5,(x[0]**Constant),(x[0]**0.41650504317684356),[0.41650504],1.0095890684990843,"{'fitness 25': 0.9438802577772355, 'fitness 53': 1.041382590593738, 'fitness 74': 1.0435043571262794, 'fitness 102': 1.04794321889074}",False
30,"[[0], [2], [0], [0, 1], [0, 1, 0, 0], [2, 1, 1, 3, 0, 2, 1], [1, 1, 1, 1, 1, 1, 1, 1], []]",1.0492534421162907,"[1, 1, 1, 2, 4, 7, 8, 0]",6,(Constant*Constant-(Constant-Constant)/(Constant+Constant*Constant-Constant)**Constant),(0.8634248794010001*0.051146918948883346-(0.408053327033463-0.7260472334020486)/(0.8513439705078076+0.7659177390702937*0.17480841170940808-0.849957694849548)**0.5054224009855404),"[0.86342488 0.05114692 0.40805333 0.72604723 0.85134397 0.76591774
 0.17480841 0.84995769 0.5054224 ]",1.014757396202442,"{'fitness 25': 0.9505959354264575, 'fitness 53': 1.0413011648813082, 'fitness 74': 1.0523750882995608, 'fitness 102': 1.0492534421162907}",False
31,"[[0], [2], [0, 3], [3, 2], [1, 2], [0, 2, 0], [1, 1, 1, 1], []]",1.0622636867952846,"[1, 1, 1, 2, 1, 2, 3, 0]",6,(Constant+((Constant*Constant)**Constant)**Constant),(0.2291493440480754+((0.13235380802056118*0.2132171163105131)**0.7412230195745968)**0.1483974711599365),[0.22914934 0.13235381 0.21321712 0.74122302 0.14839747],1.0277826297430472,"{'fitness 25': 0.9637253556884708, 'fitness 53': 1.0542401186559793, 'fitness 74': 1.0653824148846913, 'fitness 102': 1.0622636867952846}",False
32,"[[0], [1], [3, 3], [0, 2, 3], [1, 2, 2], [3, 0, 3, 0], [1, 1], []]",1.0875807631426373,"[1, 1, 2, 0, 0, 1, 2, 0]",4,(Constant/Constant),(0.46182970934023404/0.5259407453026392),[0.46182971 0.52594075],1.0531290029738318,"{'fitness 25': 0.9892691868702265, 'fitness 53': 1.0794239224462636, 'fitness 74': 1.090693899605005, 'fitness 102': 1.0875807631426373}",False
33,"[[0], [2], [2], [0], [1, 0], [0, 2, 3], [1, 0, 0, 1], [0, 0]]",1.1110826718423639,"[1, 1, 1, 1, 2, 3, 4, 2]",7,(((Constant+x[0])*x[0]/Constant**Constant)**Constant),(((0.20413466580707396+x[0])*x[0]/0.9939083429058123**0.4499484861034201)**0.8627993087768671),[0.20413467 0.99390834 0.44994849 0.86279931],1.0692347621075402,"{'fitness 25': 1.0066662672964013, 'fitness 53': 1.1095485276752108, 'fitness 74': 1.0914894913510085, 'fitness 102': 1.1110826718423639}",False
34,"[[0], [2], [3], [2, 1], [1, 1, 2], [3, 3, 0, 0], [1, 0, 1, 0, 0], [0, 0, 0, 0]]",1.1313708657773456,"[1, 1, 1, 0, 0, 0, 1, 0]",4,(Constant**Constant),(0.7875083618437078**0.7675881689973915),[0.78750836 0.76758817],1.09696985604385,"{'fitness 25': 1.0334358054901436, 'fitness 53': 1.1229991543071742, 'fitness 74': 1.1344746083342319, 'fitness 102': 1.1313708657773456}",False
35,"[[0], [2], [1], [3, 2], [1], [3, 3], [1, 1, 1], []]",1.1430164621107732,"[1, 1, 1, 2, 1, 2, 3, 0]",6,((Constant/((Constant/Constant)**Constant))**Constant),((0.2751378151789349/((0.8942871935585247/0.9154634402328777)**0.9303785523845481))**0.15607822730508703),[0.27513782 0.89428719 0.91546344 0.93037855 0.15607823],1.1086289084089875,"{'fitness 25': 1.0451782738206095, 'fitness 53': 1.1345906848550478, 'fitness 74': 1.1461177665513052, 'fitness 102': 1.1430164621107732}",False
36,"[[0], [1], [3, 2], [2, 3], [1], [2, 0], [1, 0, 1], [0]]",1.152010799255427,"[1, 1, 2, 1, 1, 2, 3, 1]",7,(Constant*(((x[0]+Constant)**Constant)**Constant)),(0.8262740248377078*(((x[0]+0.00886654983677293)**0.7273805245229417)**0.14260293918249012)),[0.82627402 0.00886655 0.72738052 0.14260294],1.1166841250656099,"{'fitness 25': 1.0528868485397598, 'fitness 53': 1.143738877530116, 'fitness 74': 1.1534266491269534, 'fitness 102': 1.152010799255427}",False
37,"[[0], [3], [], [], [], [], [1], []]",1.1869801218238532,"[1, 1, 0, 0, 0, 0, 1, 0]",3,Constant,0.7747209723941422,[0.77472097],1.15264300646876,"{'fitness 25': 1.0894957509054897, 'fitness 53': 1.178360817831358, 'fitness 74': 1.1900724506694325, 'fitness 102': 1.1869801218238532}",False
38,"[[0], [2], [1], [0, 3], [0, 0], [2, 2, 0, 0, 3, 0, 0], [0, 0, 1, 1, 1], [0, 0, 0, 0]]",1.2111635698597043,"[1, 1, 1, 2, 2, 4, 5, 2]",7,((x[0]*x[0]*Constant+Constant+Constant)**Constant),((x[0]*x[0]*0.6951390870866779+0.0914424652969913+0.06885232561522303)**0.8054113497007537),[0.69513909 0.09144247 0.06885233 0.80541135],1.1697154941761132,"{'fitness 25': 1.1049758907520355, 'fitness 53': 1.2047181627483026, 'fitness 74': 1.199452429028001, 'fitness 102': 1.2111635698597043}",False
39,"[[0], [0], [2, 1], [3, 3, 3], [], [2, 0], [0, 1, 1], [0, 0]]",1.2534697498925909,"[1, 1, 2, 3, 0, 2, 3, 1]",6,(x[0]**Constant)*(Constant+Constant),(x[0]**0.04918216487262328)*(0.05674643965029125+0.6556088598993954),[0.04918216 0.05674644 0.65560886],1.2188012080270074,"{'fitness 25': 1.1559172490772285, 'fitness 53': 1.244642958148178, 'fitness 74': 1.2558434168556156, 'fitness 102': 1.2534697498925909}",False
40,"[[0], [3], [2], [3], [], [], [1], []]",1.2768828717251808,"[1, 1, 0, 0, 0, 0, 1, 0]",3,Constant,0.6817783524634284,[0.68177835],1.2426461171991228,"{'fitness 25': 1.1800669925324399, 'fitness 53': 1.2679134031742678, 'fitness 74': 1.2799579558906604, 'fitness 102': 1.2768828717251808}",False
41,"[[0], [3], [1, 0], [0, 0, 3, 3], [1, 0, 1, 0], [3, 2, 0, 3, 3, 1, 3, 2, 2], [1, 1, 0, 0, 1, 0, 0, 1, 0, 1], [0, 0, 0, 0, 0]]",1.2840522506379564,"[1, 1, 0, 0, 0, 0, 1, 0]",3,Constant,0.6743857690907282,[0.67438577],1.249823298089358,"{'fitness 25': 1.187286694776775, 'fitness 53': 1.2750571772812769, 'fitness 74': 1.2871260222100223, 'fitness 102': 1.2840522506379564}",False
42,"[[0], [0], [3, 3], [], [], [3], [1, 1], []]",1.2906392140511291,"[1, 1, 2, 0, 0, 1, 2, 0]",4,Constant/Constant,0.1520676974798214/0.22778400802067778,[0.1520677  0.22778401],1.2564174007589346,"{'fitness 25': 1.1939195232652797, 'fitness 53': 1.281620891398664, 'fitness 74': 1.2937117876128597, 'fitness 102': 1.2906392140511291}",False
43,"[[0], [3], [2, 2], [2, 3], [0], [2, 2, 3, 1, 3, 3, 2], [1, 1, 0, 0, 1, 0, 0, 0], [1, 1, 0, 0, 1]]",1.303162878505088,"[1, 1, 0, 0, 0, 0, 1, 0]",3,Constant,0.6546927203168558,[0.65469272],1.2689545612529696,"{'fitness 25': 1.2065294246182379, 'fitness 53': 1.29410106397216, 'fitness 74': 1.3062331951685109, 'fitness 102': 1.303162878505088}",False
44,"[[0], [3], [], [], [], [], [1], []]",1.3417557804262057,"[1, 1, 0, 0, 0, 0, 1, 0]",3,Constant,0.6149764521105318,[0.61497645],1.3075883923664817,"{'fitness 25': 1.2453803343445131, 'fitness 53': 1.332565531447282, 'fitness 74': 1.34481931130765, 'fitness 102': 1.3417557804262057}",False
45,"[[0], [2], [1], [2, 2], [1, 2, 0], [2, 2, 3, 1], [1, 1, 1, 1, 1], [0]]",1.3575643495676606,"[1, 1, 1, 2, 2, 2, 3, 0]",6,((((Constant*Constant)**Constant)*(Constant**Constant))**Constant),((((0.1420730893536094*0.6203758423191796)**0.19665525798622552)*(0.03684287428080446**0.31515739639268425))**0.33790954044549404),[0.14207309 0.62037584 0.19665526 0.03684287 0.3151574  0.33790954],1.3234134312644155,"{'fitness 25': 1.2612913238231633, 'fitness 53': 1.34832379691714, 'fitness 74': 1.3606251730529435, 'fitness 102': 1.3575643495676606}",False
46,"[[0], [3], [], [], [], [], [1], []]",1.381108856000143,"[1, 1, 0, 0, 0, 0, 1, 0]",3,Constant,0.5745452144238382,[0.57454521],1.3469821409079863,"{'fitness 25': 1.284984984048541, 'fitness 53': 1.3717957155704763, 'fitness 74': 1.3841657231049418, 'fitness 102': 1.381108856000143}",False
47,"[[0], [2], [3], [2, 1], [2, 0, 2], [0, 0, 2, 0], [1, 0, 0, 0, 0], [0, 0, 0, 0]]",1.3840024538158306,"[1, 1, 1, 0, 0, 0, 1, 0]",4,(Constant**Constant),(0.5415324459874863**0.9119715092580162),[0.54153245 0.91197151],1.3498786861228247,"{'fitness 25': 1.2878966389362039, 'fitness 53': 1.3746805785698504, 'fitness 74': 1.3870588408624203, 'fitness 102': 1.3840024538158306}",False
48,"[[0], [2], [2], [3], [], [], [1], []]",1.4138100408074676,"[1, 1, 1, 1, 0, 0, 1, 0]",5,((Constant**Constant)**Constant),((0.21431516326117128**0.5817398582410997)**0.6856073628501034),[0.21431516 0.58173986 0.68560736],1.3797162862107493,"{'fitness 25': 1.317886843041637, 'fitness 53': 1.4044004557242111, 'fitness 74': 1.4168615598663994, 'fitness 102': 1.4138100408074676}",False
49,"[[0], [3], [3, 3], [], [], [2], [1, 0], [1]]",1.4483387743444582,"[1, 1, 0, 0, 0, 0, 1, 0]",3,Constant,0.5056140929013259,[0.50561409],1.4142789879489166,"{'fitness 25': 1.3526196385376934, 'fitness 53': 1.4388324991301373, 'fitness 74': 1.4513848261789186, 'fitness 102': 1.4483387743444582}",False
50,"[[0], [1], [1, 0], [0, 0, 3, 1], [1, 1, 0, 2, 1, 2], [2, 2, 0, 0, 3, 0, 0, 2, 3, 3], [1, 0, 0, 1, 1, 1, 0, 0, 1, 1, 0], [0, 0, 0, 0, 1]]",1.4490800803013206,"[1, 1, 2, 4, 6, 10, 11, 5]",7,(((Constant*x[0])*(x[0]+Constant)+Constant/Constant+x[0])+x[0]*((Constant/Constant)/x[1])),(((0.43882623927836084*x[0])*(x[0]+0.9490833827127928)+0.9718132706126942/0.8144178076926022+x[0])+x[0]*((0.4026039379612455/0.1009148652093056)/x[1])),[0.43882624 0.94908338 0.97181327 0.81441781 0.40260394 0.10091487],1.474930695019756,"{'fitness 25': 1.4852281598743933, 'fitness 53': 1.4764243419748853, 'fitness 74': 1.4631395832099896, 'fitness 102': 1.4490800803013206}",False
51,"[[0], [1], [0, 3], [3, 3, 0, 0], [1, 2, 1, 2], [3, 3, 0, 3, 3, 1, 3], [1, 1, 0, 0, 1, 0, 0, 1], [0]]",1.4663479169490754,"[1, 1, 2, 2, 0, 2, 3, 1]",5,(Constant/Constant/x[0]),(0.30875214102670945/0.7932145388425184/x[0]),[0.30875214 0.79321454],1.4390819164115658,"{'fitness 25': 1.3801321028528597, 'fitness 53': 1.4566483058025963, 'fitness 74': 1.4804653405792414, 'fitness 102': 1.4663479169490754}",False
52,"[[0], [3], [], [2, 1], [1, 1, 2], [3, 0, 2, 0], [1], []]",1.5426268758894839,"[1, 1, 0, 0, 0, 0, 1, 0]",3,Constant,0.4091983978798158,[0.4091984],1.5086554939099548,"{'fitness 25': 1.4474271527805922, 'fitness 53': 1.5328804446088926, 'fitness 74': 1.5456588843403796, 'fitness 102': 1.5426268758894839}",False
53,"[[0], [3], [], [], [], [2, 2], [1], [0, 0]]",1.5868091148687777,"[1, 1, 0, 0, 0, 0, 1, 0]",3,Constant,0.36410892705437414,[0.36410893],1.552877005084504,"{'fitness 25': 1.4918352902230334, 'fitness 53': 1.5769607645828765, 'fitness 74': 1.589834960447602, 'fitness 102': 1.5868091148687777}",False
54,"[[0], [0], [2, 2], [2, 3], [2], [2], [1, 1], [1, 1, 1, 0, 0]]",1.6636124459931632,"[1, 1, 2, 2, 1, 1, 2, 0]",6,((Constant**Constant)**Constant)*(Constant**Constant),((0.21885850434206167**0.1498414559667216)**0.2538169931118198)*(0.2959407116857016**0.9810451108974704),[0.2188585  0.14984146 0.25381699 0.29594071 0.98104511],1.6297454577007595,"{'fitness 25': 1.5690074018721902, 'fitness 53': 1.6536008100270219, 'fitness 74': 1.6666281612030667, 'fitness 102': 1.6636124459931632}",False
55,"[[0], [2], [3], [], [1], [2, 0], [1], [1, 1]]",1.7054350968306764,"[1, 1, 1, 0, 0, 0, 1, 0]",4,(Constant**Constant),(0.09265037744408156**0.5941839395692773),[0.09265038 0.59418394],1.6716019519123193,"{'fitness 25': 1.6110190696284303, 'fitness 53': 1.6953411989445317, 'fitness 74': 1.708445587163995, 'fitness 102': 1.7054350968306764}",False
56,"[[0], [1], [3, 3], [], [0, 1, 0, 2, 0, 0], [0, 1, 2, 3, 2, 3, 3, 1, 2, 0, 1], [1, 1], []]",1.732029979238373,"[1, 1, 2, 0, 0, 1, 2, 0]",4,(Constant+Constant),(0.17110616142010637+0.045134845208608665),[0.17110616 0.04513485],1.6982177836658021,"{'fitness 25': 1.637730110570661, 'fitness 53': 1.7218859924963859, 'fitness 74': 1.73503724793036, 'fitness 102': 1.732029979238373}",False
57,"[[0], [3], [], [], [], [3], [1], [0]]",1.7383927673487263,"[1, 1, 0, 0, 0, 0, 1, 0]",3,Constant,0.20977261295008254,[0.20977261],1.7045855193505581,"{'fitness 25': 1.6441202403894333, 'fitness 53': 1.728237041117865, 'fitness 74': 1.741399276544376, 'fitness 102': 1.7383927673487263}",False
58,"[[0], [3], [], [], [], [], [1], [0]]",1.793239314328382,"[1, 1, 0, 0, 0, 0, 1, 0]",3,Constant,0.15404757296055194,[0.15404757],1.7594737064388228,"{'fitness 25': 1.6991955685465163, 'fitness 53': 1.7829860997197593, 'fitness 74': 1.7962394510501927, 'fitness 102': 1.793239314328382}",False
59,"[[0], [3], [], [], [], [], [1], []]",1.8565555567252026,"[1, 1, 0, 0, 0, 0, 1, 0]",3,Constant,0.08978317923058177,[0.08978318],1.8228358550265666,"{'fitness 25': 1.7627613938011912, 'fitness 53': 1.8461974646814288, 'fitness 74': 1.8595487065970802, 'fitness 102': 1.8565555567252026}",False
60,"[[0], [3], [], [], [], [], [1], []]",1.8641572862594353,"[1, 1, 0, 0, 0, 0, 1, 0]",3,Constant,0.08207204048480277,[0.08207204],1.830442945963834,"{'fitness 25': 1.7703920999961456, 'fitness 53': 1.8537871152711043, 'fitness 74': 1.8671496226242525, 'fitness 102': 1.8641572862594353}",False
61,"[[0], [3], [1], [0, 2], [1, 2, 0], [], [1, 1, 0, 1, 1], [0]]",1.874210591319909,"[1, 1, 0, 0, 0, 0, 1, 0]",3,Constant,0.0718754337706613,[0.07187543],1.8405032933103505,"{'fitness 25': 1.7804834131423986, 'fitness 53': 1.86382460689334, 'fitness 74': 1.877201859895313, 'fitness 102': 1.874210591319909}",False
62,"[[0], [3], [], [], [], [], [1], []]",1.8796639621718716,"[1, 1, 0, 0, 0, 0, 1, 0]",3,Constant,0.06634498451971327,[0.06634498],1.8459604614291847,"{'fitness 25': 1.7859572534315464, 'fitness 53': 1.869269475513818, 'fitness 74': 1.8826546553421901, 'fitness 102': 1.8796639621718716}",False
63,"[[0], [1], [3, 2], [3, 0], [0, 0], [2, 2, 1, 1], [1, 1, 1, 0, 0], [1, 1]]",1.9216707327859177,"[1, 1, 2, 1, 0, 1, 2, 0]",5,(Constant*(Constant**Constant)),(0.028831807485925398*(0.690851893804277**0.5232102401353238)),[0.02883181 0.69085189 0.52321024],1.88799595435718,"{'fitness 25': 1.8281182994812828, 'fitness 53': 1.9112124820443552, 'fitness 74': 1.9246570815459016, 'fitness 102': 1.9216707327859177}",False
64,"[[0], [2], [1], [0, 3], [0, 0], [1, 1, 0, 1], [1, 1, 0, 0, 1], [0, 0]]",1.9348411483000711,"[1, 1, 1, 2, 2, 4, 5, 2]",7,((Constant-Constant-x[0]+x[0]-Constant)**Constant),((0.6536720836293732-0.16112153279788632-x[0]+x[0]-0.4905908971216978)**0.732112767245339),[0.65367208 0.16112153 0.4905909  0.73211277],1.9011751865306081,"{'fitness 25': 1.8413358790258019, 'fitness 53': 1.9243635143325837, 'fitness 74': 1.9378261662334388, 'fitness 102': 1.9348411483000711}",False
65,"[[0], [0], [0, 3], [3, 2], [2], [3, 3], [1, 1, 0], [1]]",1.944356559112704,"[1, 1, 2, 2, 1, 2, 3, 1]",6,Constant/(Constant**Constant)/x[1],0.20514178940683048/(0.08261529175042104**0.8391010343017317)/x[1],[0.20514179 0.08261529 0.83910103],1.9107971245829674,"{'fitness 25': 1.85106635074452, 'fitness 53': 1.9339546447769005, 'fitness 74': 1.947370378227481, 'fitness 102': 1.944356559112704}",False
66,"[[0], [0], [3, 1], [1, 0], [0, 2, 1, 2], [3, 2, 2, 3, 2, 0], [1, 1, 0, 0, 0, 1, 1], [1, 1, 1]]",1.944453514316046,"[1, 1, 2, 2, 4, 6, 7, 3]",7,Constant/((Constant*x[1]*x[1])/(x[1]*Constant)+Constant),0.9867096842229287/((0.6159337402120468*x[1]*x[1])/(x[1]*0.9059926370119316)+0.4120749045033927),[0.98670968 0.61593374 0.90599264 0.4120749 ],1.9108813513257992,"{'fitness 25': 1.8511405027290926, 'fitness 53': 1.934040022118784, 'fitness 74': 1.9474635291295208, 'fitness 102': 1.944453514316046}",False
67,"[[0], [1], [1, 1], [0, 3, 1, 0], [1, 1, 0, 1, 2, 1], [0, 2, 2, 3, 2, 0, 0, 0, 1, 3, 0], [1, 0, 1, 1, 0, 1, 1, 0, 0, 1, 1, 0], [0, 1, 0, 0, 1]]",1.945102051017476,"[1, 1, 2, 4, 6, 11, 12, 5]",7,(((Constant+x[0])*(Constant*Constant)/x[1])*((Constant+Constant+(x[0]+x[0]))-Constant/(Constant+x[1]))),(((0.48404584019217944+x[0])*(0.5907427681205375*0.013949867929804016)/x[1])*((0.9771904815291047+0.32052589489707617+(x[0]+x[0]))-0.4876751562295204/(0.7908717079889938+x[1]))),"[0.48404584 0.59074277 0.01394987 0.97719048 0.32052589 0.48767516
 0.79087171]",1.911444422377282,"{'fitness 25': 1.851635934173122, 'fitness 53': 1.9346110131796193, 'fitness 74': 1.948086319779105, 'fitness 102': 1.945102051017476}",False
68,"[[0], [0], [2, 1], [3, 1, 2], [2, 0, 0], [3, 1, 1, 1, 0], [1, 0, 0, 0, 1, 1], [0, 1, 0]]",1.9452853775284478,"[1, 1, 2, 3, 3, 5, 6, 3]",7,(Constant**Constant)/((x[0]-x[1]-x[0])-(Constant+Constant**Constant)),(0.19237451548423778**0.6112015223309644)/((x[0]-x[1]-x[0])-(0.6364031684668832+0.49916099727387**0.37817205298513323)),[0.19237452 0.61120152 0.63640317 0.499161   0.37817205],1.9116043713446664,"{'fitness 25': 1.8517773497647387, 'fitness 53': 1.9347729391960542, 'fitness 74': 1.948262825073206, 'fitness 102': 1.9452853775284478}",False
69,"[[0], [0], [1, 3], [1, 2], [0, 2, 2], [2, 3, 2, 1], [1, 0, 1, 1, 1], [0, 1]]",2.021780056555339,"[1, 1, 2, 2, 3, 4, 5, 1]",7,((Constant*x[0]/Constant)*(Constant**Constant))-Constant,((0.0657547884391727*x[0]/0.9660999887688246)*(0.9137558036412107**0.5367720368368001))-0.13714076097171757,[0.06575479 0.96609999 0.9137558  0.53677204 0.13714076],1.9876010008764815,"{'fitness 25': 1.9278939552717986, 'fitness 53': 2.011114506640209, 'fitness 74': 2.0237945407174363, 'fitness 102': 2.021780056555339}",False
70,"[[0], [2], [0], [2, 3], [2, 0], [1, 2, 1], [1, 0, 1, 0], [0]]",2.0303732058995223,"[1, 1, 1, 2, 1, 1, 2, 1]",6,((Constant**Constant)-x[0]**Constant),((0.7294352127789712**0.4789459630124101)-x[0]**0.5942146484088396),[0.72943521 0.47894596 0.59421465],2.0025208840304773,"{'fitness 25': 1.9443471277162936, 'fitness 53': 2.020459159869899, 'fitness 74': 2.042756364505239, 'fitness 102': 2.0303732058995223}",False
71,"[[0], [0], [1, 0], [0, 1, 3, 3], [1, 1, 0, 0, 2, 1], [3, 2, 2, 3, 2, 0, 0, 3, 1, 3, 0], [1, 1, 0, 1, 0, 0, 0, 1, 1, 1, 1, 0], [0, 0, 0, 1]]",2.0339371409976272,"[1, 1, 2, 4, 4, 9, 10, 4]",7,((Constant/Constant)*(x[0]*Constant)/(x[0]*x[0]+x[1]+Constant))/Constant-Constant,((0.6460813042214589/0.8564904622622259)*(x[0]*0.6260276069311)/(x[0]*x[0]+x[1]+0.09588568262373542))/0.37015086746235115-0.09044532120243098,[0.6460813  0.85649046 0.62602761 0.09588568 0.37015087 0.09044532],2.0003843396400884,"{'fitness 25': 1.9408604807027168, 'fitness 53': 2.023370457021967, 'fitness 74': 2.0369220811955815, 'fitness 102': 2.0339371409976272}",False
72,"[[0], [0], [1, 3], [0, 3], [2, 1], [3, 3, 1, 0], [1, 1, 1, 0, 1], [0]]",2.2105592277465322,"[1, 1, 2, 2, 2, 4, 5, 1]",6,(Constant/(Constant/Constant)-x[0])+Constant,(0.04389607765831527/(0.7155239541614459/0.10489093691763152)-x[0])+0.6696378491022396,[0.04389608 0.71552395 0.10489094 0.66963785],2.185655261380336,"{'fitness 25': 2.1284879301185926, 'fitness 53': 2.201087490606349, 'fitness 74': 2.2273903634160668, 'fitness 102': 2.2105592277465322}",False
73,"[[0], [1], [1, 1], [3, 2, 2, 1], [2, 2, 0, 0], [3, 1, 3, 1, 1, 2], [1, 0, 1, 1, 0, 0, 0], [0, 0, 0, 0]]",3.004018203595298,"[1, 1, 2, 4, 4, 6, 7, 4]",7,((Constant/(x[0]**Constant))-((Constant**Constant)/(Constant-x[0]-x[0]*x[0]))),((0.5893912016053686/(x[0]**0.06680588092205686))-((0.4733274531551179**0.7600679396497804)/(0.45702367370834973-x[0]-x[0]*x[0]))),[0.5893912  0.06680588 0.47332745 0.76006794 0.45702367],3.3828077081628884,"{'fitness 25': 2.9924368920086435, 'fitness 53': 4.133174831491847, 'fitness 74': 3.0228114009881746, 'fitness 102': 3.004018203595298}",False
74,"[[0], [1], [2, 1], [2, 1, 0], [1, 1, 2, 2, 2], [3, 2, 3, 3, 0, 3, 2], [0, 0, 1, 1, 1, 0, 1, 1], [0, 0, 0, 1, 1]]",3.4395309490608517,"[1, 1, 2, 3, 5, 6, 7, 3]",7,((((x[0]/x[0])**Constant)**Constant)*(((Constant/Constant)/Constant)+x[0]/Constant)),((((x[0]/x[0])**0.6171179676279912)**0.8086312765358954)*(((0.4423317348020449/0.2233718526570152)/0.5210646141652064)+x[0]/0.6523298563274926)),[0.61711797 0.80863128 0.44233173 0.22337185 0.52106461 0.65232986],3.4791192480107944,"{'fitness 25': 3.5179690042184752, 'fitness 53': 3.462307842153519, 'fitness 74': 3.4570808976603877, 'fitness 102': 3.4395309490608517}",False
75,"[[0], [1], [2, 2], [2, 3], [1, 2, 2], [3, 0, 3, 0], [0, 0, 1, 0, 0], [1, 0]]",5.398466136106013,"[1, 1, 2, 2, 1, 2, 3, 2]",7,((((x[1]/x[0])**Constant)**Constant)+(Constant**Constant)),((((x[1]/x[0])**0.2982427131627102)**0.7706298099029415)+(0.9061966108672519**0.7138930057483349)),[0.29824271 0.77062981 0.90619661 0.71389301],5.5842644798093515,"{'fitness 25': 5.772444314745617, 'fitness 53': 5.549955038959324, 'fitness 74': 5.430394085723111, 'fitness 102': 5.398466136106013}",False
76,"[[0], [2], [0], [3, 2], [2], [0], [1, 0], [1]]",7.069787829584195,"[1, 1, 1, 2, 1, 1, 2, 1]",7,(Constant+(x[1]**Constant)**Constant),(0.6236669750350452+(x[1]**0.8210783167128343)**0.32375109909568145),[0.62366698 0.82107832 0.3237511 ],7.324270734367776,"{'fitness 25': 7.5340589325173, 'fitness 53': 7.276400386430788, 'fitness 74': 7.162352884155238, 'fitness 102': 7.069787829584195}",False
77,"[[0], [1], [2, 2], [2, 3], [1], [2, 0], [0, 0, 1], [1, 0]]",10.605528293453842,"[1, 1, 2, 2, 1, 2, 3, 2]",7,((((x[1]*x[0])**Constant)**Constant)+(Constant**Constant)),((((x[1]*x[0])**0.9326334086018352)**0.32866766811051706)+(0.9445846925730963**0.36079415905826917)),[0.93263341 0.32866767 0.94458469 0.36079416],10.96758216455693,"{'fitness 25': 11.199450751678985, 'fitness 53': 10.898082749736275, 'fitness 74': 10.805212992255532, 'fitness 102': 10.605528293453842}",False
78,"[[0], [0], [2, 1], [2, 2, 2], [0, 2, 2], [0, 0, 0], [1, 0, 0, 1], [1, 0]]",12.96788612302146,"[1, 1, 2, 3, 3, 3, 4, 2]",7,((Constant+x[1]**Constant)**Constant)+((x[0]**Constant)+(Constant**Constant)),((0.22768282968674658+x[1]**0.5053583563404721)**0.6355075224577825)+((x[0]**0.3361615993600543)+(0.06027487893246908**0.060970499157907754)),[0.22768283 0.50535836 0.63550752 0.3361616  0.06027488 0.0609705 ],13.425085394575708,"{'fitness 25': 13.77728772833174, 'fitness 53': 13.347150870198272, 'fitness 74': 13.150817585197116, 'fitness 102': 12.96788612302146}",False
79,"[[0], [1], [0, 2], [0, 2, 2], [0, 2, 2, 0], [0, 0, 2, 2, 2], [1, 1, 1, 1, 0, 0], [1, 1]]",12.987847306715016,"[1, 1, 2, 3, 4, 5, 6, 2]",7,(Constant+Constant+Constant*(Constant**Constant)*((x[1]*x[1]**Constant)**Constant)),(0.9404237001016049+0.8962328767926544+0.010762090255096446*(0.08279995943741658**0.7114883755264975)*((x[1]*x[1]**0.6566107300116073)**0.6497567898455625)),"[0.9404237  0.89623288 0.01076209 0.08279996 0.71148838 0.65661073
 0.64975679]",14.290787335198893,"{'fitness 25': 15.186669822509323, 'fitness 53': 14.096172146404857, 'fitness 74': 13.589520036682499, 'fitness 102': 12.987847306715016}",False
80,"[[0], [2], [1], [0, 1], [1, 2, 2, 1], [0, 2, 3, 3, 0], [1, 1, 1, 1, 1, 0], [1]]",24.041605859722686,"[1, 1, 1, 2, 4, 5, 6, 1]",7,(((Constant+Constant)*Constant/(Constant/(Constant+x[1])))**Constant),(((0.0913961810698376+0.7327822043181019)*0.32819958752017964/(0.39128194311811704/(0.7259245928583574+x[1])))**0.42504024386553907),[0.09139618 0.7327822  0.32819959 0.39128194 0.72592459 0.42504024],25.173412795406403,"{'fitness 25': 26.00327437532616, 'fitness 53': 25.000622989904908, 'fitness 74': 24.51634102098814, 'fitness 102': 24.041605859722686}",False
81,"[[0], [0], [2, 2], [1, 1], [2, 1, 0, 1], [3, 0, 1, 3, 0, 2], [1, 1, 1, 1, 1, 0, 0], [1, 0]]",40.13653063202985,"[1, 1, 2, 2, 4, 6, 7, 2]",7,((Constant/(Constant+Constant))**Constant)-((Constant/Constant+(x[1]*x[0]))**Constant),((0.5199784236900464/(0.6583928491808754+0.11894013019614802))**0.8396724587806186)-((0.6459142267114915/0.9227061230309039+(x[1]*x[0]))**0.45605339045081883),"[0.51997842 0.65839285 0.11894013 0.83967246 0.64591423 0.92270612
 0.45605339]",41.690889964320725,"{'fitness 25': 42.494173274035184, 'fitness 53': 41.43761471680846, 'fitness 74': 41.140881902118544, 'fitness 102': 40.13653063202985}",False
82,"[[0], [2], [0], [3, 1], [1, 2], [0, 3, 1], [1, 0, 1, 1], [1]]",89.84416121098434,"[1, 1, 1, 2, 2, 3, 4, 1]",7,(Constant+((x[1]/Constant)-Constant)**Constant),(0.5448679440407825+((x[1]/0.7036764923458352)-0.3565993119022641)**0.5364276714691613),[0.54486794 0.70367649 0.35659931 0.53642767],94.71225705290324,"{'fitness 25': 98.15927884588392, 'fitness 53': 94.0071389639341, 'fitness 74': 91.97035334889172, 'fitness 102': 89.84416121098434}",False
83,"[[0], [2], [2, 0], [3], [2, 2, 1, 2, 0], [], [0, 0, 1, 0, 0, 1, 0], [1]]",93.33897204276008,"[1, 1, 1, 1, 0, 0, 1, 1]",6,((x[1]**Constant)**Constant),((x[1]**0.8773297252511958)**0.6433830167136783),[0.87732973 0.64338302],98.6524136633086,"{'fitness 25': 102.39808955443193, 'fitness 53': 97.88394120758738, 'fitness 74': 95.67521022790643, 'fitness 102': 93.33897204276008}",False
84,"[[0], [1], [2, 0], [2, 2, 1], [0, 2, 2, 1], [2, 0, 0, 0, 3], [1, 0, 1, 0, 0, 0], [1, 0, 1, 1, 1]]",149.73012774296677,"[1, 1, 2, 3, 4, 5, 6, 4]",7,(((Constant*x[1]**Constant)**Constant)+(Constant**Constant)+(x[0]+(x[1]/x[1]))),(((0.42194201509047446*x[1]**0.8356974940028133)**0.8449255611744492)+(0.7022166504454067**0.8104343398761018)+(x[0]+(x[1]/x[1]))),[0.42194202 0.83569749 0.84492556 0.70221665 0.81043434],159.87858123645418,"{'fitness 25': 166.8957597050745, 'fitness 53': 158.41848872583, 'fitness 74': 154.32149527845803, 'fitness 102': 149.73012774296677}",False
85,"[[0], [1], [2, 2], [2, 2], [1, 0], [1, 3, 3, 3, 2, 2, 2, 3, 0], [0, 0, 1, 0], [1, 0, 0]]",269.8839658604127,"[1, 1, 2, 2, 2, 3, 4, 3]",7,((((x[1]-x[0])**Constant)**Constant)/((Constant/x[0]**Constant)**Constant)),((((x[1]-x[0])**0.7465308493959374)**0.8608811651481924)/((0.30766708162560574/x[0]**0.09496401926940334)**0.3407232089205794)),[0.74653085 0.86088117 0.30766708 0.09496402 0.34072321],286.68351352545363,"{'fitness 25': 298.17303609314587, 'fitness 53': 284.26105577881975, 'fitness 74': 277.61644870439517, 'fitness 102': 269.8839658604127}",False
86,"[[0], [1], [1, 2], [3, 0, 3], [1, 0], [0, 3, 2, 1, 2], [0, 0, 1, 1, 1, 1], [1, 0]]",1412.703035164215,"[1, 1, 2, 3, 2, 5, 6, 2]",7,((x[1]+(x[0]/Constant)*Constant-Constant)*(Constant**Constant)),((x[1]+(x[0]/0.42905477407781256)*0.7807763632940593-0.8106223476531693)*(0.3259247088875269**0.8561426159090142)),[0.42905477 0.78077636 0.81062235 0.32592471 0.85614262],1544.441835115009,"{'fitness 25': 1633.7109262286788, 'fitness 53': 1525.579329134319, 'fitness 74': 1474.0352499820294, 'fitness 102': 1412.703035164215}",False
87,"[[0], [2], [1], [2, 2], [0, 0], [1, 0, 1], [0, 0, 0, 0], [1, 1, 0, 0]]",1611.5380507124426,"[1, 1, 1, 2, 2, 3, 4, 4]",7,(((x[1]-x[1]**Constant)+(x[0]-x[0]**Constant))**Constant),(((x[1]-x[1]**0.1958545863624659)+(x[0]-x[0]**0.2278721616641307))**0.9026869870841224),[0.19585459 0.22787216 0.90268699],1748.5076716868552,"{'fitness 25': 1841.6846164367948, 'fitness 53': 1728.9392856053166, 'fitness 74': 1674.8991130184545, 'fitness 102': 1611.5380507124426}",False
88,"[[0], [2], [2], [0], [0, 1], [0, 2, 2], [0, 0, 1, 1], [1, 1]]",1632.3484757709616,"[1, 1, 1, 1, 2, 3, 4, 2]",7,((x[1]+x[1]*(Constant*Constant)**Constant)**Constant),((x[1]+x[1]*(0.06957337037063727*0.06838495690613733)**0.5030112223266345)**0.8971168904614437),[0.06957337 0.06838496 0.50301122 0.89711689],1770.1899468102001,"{'fitness 25': 1863.9972935360142, 'fitness 53': 1750.498950766182, 'fitness 74': 1696.0735961284038, 'fitness 102': 1632.3484757709616}",False
89,"[[0], [1], [0, 3], [1, 1], [1, 0, 2, 0], [1, 2, 3, 0, 1, 1, 2], [1, 0, 0, 1, 0, 0, 1, 1], [0, 1, 1, 0]]",1827.4386275241793,"[1, 1, 2, 2, 4, 7, 8, 4]",7,(((Constant-x[0])*x[1]/Constant)+(x[1]-x[0]-Constant)*Constant),(((0.8652814472167165-x[0])*x[1]/0.5409696814461403)+(x[1]-x[0]-0.6673293320381514)*0.28350903533877925),[0.86528145 0.54096968 0.66732933 0.28350904],2087.840515790419,"{'fitness 25': 2377.7212404796724, 'fitness 53': 2036.9910196044664, 'fitness 74': 1848.8092872871182, 'fitness 102': 1827.4386275241793}",False
90,"[[0], [1], [1, 2], [2, 0, 0], [2, 1, 1, 0, 1], [2, 1, 2, 0, 1, 1, 0, 2], [1, 0, 1, 0, 1, 0, 1, 0, 1], [1, 0, 0, 1]]",2028.140464584597,"[1, 1, 2, 3, 5, 8, 9, 4]",7,(((Constant**Constant)*(x[1]-Constant)*(x[0]+Constant))-(x[0]-Constant+(x[1]*Constant)**Constant)),(((0.12833777295032667**0.5539374853087508)*(x[1]-0.8568748335704056)*(x[0]+0.6458884801589369))-(x[0]-0.8756674787079548+(x[1]*0.20743999993571838)**0.30581224090087455)),"[0.12833777 0.55393749 0.85687483 0.64588848 0.87566748 0.20744
 0.30581224]",2180.323814298751,"{'fitness 25': 2258.7616070970844, 'fitness 53': 2157.7229289756815, 'fitness 74': 2124.486906823488, 'fitness 102': 2028.140464584597}",False
91,"[[0], [1], [1, 2], [0, 3, 0], [0, 1, 2, 2], [2, 2, 0, 2, 1, 0], [1, 0, 0, 0, 1, 0, 0], [0, 0, 1, 1, 1]]",2940.0301280319177,"[1, 1, 2, 3, 4, 6, 7, 5]",7,((Constant*x[0]*(x[0]+x[1])*Constant)-(x[1]+x[1]**Constant)),((0.6446394176113773*x[0]*(x[0]+x[1])*0.33999503248060226)-(x[1]+x[1]**0.5623699901653095)),[0.64463942 0.33999503 0.56236999],3238.81818730851,"{'fitness 25': 3461.596393996245, 'fitness 53': 3196.5099651937426, 'fitness 74': 3058.348202735541, 'fitness 102': 2940.0301280319177}",False
92,"[[0], [1], [1, 3], [1, 2], [1, 2, 2], [0, 2, 0, 1], [1, 1, 1, 1, 0], [1]]",3692.706543070529,"[1, 1, 2, 2, 3, 4, 5, 1]",6,((((Constant+Constant)*Constant)+(Constant**Constant))-x[1]),((((0.43922561751629696+0.037654932016673026)*0.5394260009808057)+(0.7008220441396291**0.9198538519958678))-x[1]),[0.43922562 0.03765493 0.539426   0.70082204 0.91985385],4036.7194677581574,"{'fitness 25': 4269.8116076448705, 'fitness 53': 3987.497218480175, 'fitness 74': 3852.8495771494263, 'fitness 102': 3692.706543070529}",False
93,"[[0], [1], [0, 3], [2, 2], [0, 2], [2, 3, 0], [1, 0, 1, 0], [0, 1]]",3692.9548185905337,"[1, 1, 2, 2, 2, 3, 4, 2]",7,((Constant*x[0]**Constant)/(Constant**Constant)+x[1]),((0.8677045770268712*x[0]**0.13844478638816926)/(0.16401490876253122**0.6790653153628482)+x[1]),[0.86770458 0.13844479 0.16401491 0.67906532],4036.9864847466456,"{'fitness 25': 4270.117771813154, 'fitness 53': 3987.7429472637014, 'fitness 74': 3853.098735163082, 'fitness 102': 3692.9548185905337}",False
94,"[[0], [0], [2, 3], [0], [1, 1], [3, 2, 3, 1], [1, 1, 0, 0, 0], [1, 1, 1]]",3692.972214652505,"[1, 1, 2, 1, 2, 4, 5, 3]",7,((Constant/Constant)*(x[1]/x[1])**Constant)-x[1],((0.5118042957942853/0.7703123030164588)*(x[1]/x[1])**0.2930915251923998)-x[1],[0.5118043  0.7703123  0.29309153],4036.987494532457,"{'fitness 25': 4270.082270991792, 'fitness 53': 3987.7648024974596, 'fitness 74': 3853.1154101081183, 'fitness 102': 3692.972214652505}",False
95,"[[0], [1], [2, 2], [2, 0], [1, 1, 2], [1, 2, 0, 3, 3, 1, 3], [1, 1, 0, 0, 1, 0, 0, 1], [0, 1, 1, 0]]",4614.409224557383,"[1, 1, 2, 2, 3, 4, 5, 2]",7,((((Constant-Constant)**Constant)**Constant)*((x[0]+x[1])/Constant**Constant)),((((0.5353818585459126-0.08872802201458496)**0.5621777335047866)**0.10205415488108616)*((x[0]+x[1])/0.5305851195199149**0.42500563681910153)),[0.53538186 0.08872802 0.56217773 0.10205415 0.53058512 0.42500564],5044.412262100403,"{'fitness 25': 5335.782697975338, 'fitness 53': 4982.864519415923, 'fitness 74': 4814.589568909948, 'fitness 102': 4614.409224557383}",False
96,"[[0], [1], [2, 3], [2, 3, 0, 1], [2, 0, 0, 2, 0], [2, 0, 2, 2, 2, 3, 1], [0, 0, 1, 1, 0, 0, 1, 0], [1, 1, 0, 1, 1]]",6224.960113332006,"[1, 1, 2, 1, 1, 1, 2, 2]",7,(((x[1]**Constant)**Constant)*x[1]),(((x[1]**0.5683805967624277)**0.10772664439539958)*x[1]),[0.5683806  0.10772664],6838.129096864274,"{'fitness 25': 7253.096606330565, 'fitness 53': 6750.199655864827, 'fitness 74': 6511.091028397431, 'fitness 102': 6224.960113332006}",False
97,"[[0], [0], [1, 1], [2, 1, 3, 0], [1, 0, 1, 0, 2], [1, 0, 3, 0, 1, 2, 3, 0, 3], [0, 1, 1, 0, 1, 0, 1, 1, 0, 0], [0, 1, 1, 1, 1]]",25777.96276212475,"[1, 1, 2, 4, 5, 9, 10, 5]",7,(((x[0]-Constant)**Constant)+(Constant/x[1]+(Constant-x[1])))*(Constant/Constant+x[1]/x[1]),(((x[0]-0.07970640052922029)**0.4520588610725693)+(0.0023921030005134014/x[1]+(0.19803628516427907-x[1])))*(0.2235456447448374/0.03736003337375471+x[1]/x[1]),[0.0797064  0.45205886 0.0023921  0.19803629 0.22354564 0.03736003],28180.411410695724,"{'fitness 25': 29808.340107876385, 'fitness 53': 27836.622578504546, 'fitness 74': 26896.271545706237, 'fitness 102': 25777.96276212475}",False
98,"[[0], [1], [0, 0], [3, 1, 1, 3], [2, 1, 0, 0], [3, 3, 0, 2, 2, 3, 0, 1], [1, 1, 1, 0, 0, 0, 1, 0, 1], [0, 0, 1, 1]]",41094.5480116355,"[1, 1, 2, 4, 4, 8, 9, 4]",7,(Constant/(Constant/(Constant+x[0]))*(x[0]*x[1]/Constant+x[1])-Constant),(0.8022693131305831/(0.5206822780438766/(0.44226954177818867+x[0]))*(x[0]*x[1]/0.30609194515191707+x[1])-0.8943076971220538),[0.80226931 0.52068228 0.44226954 0.30609195 0.8943077 ],43563.546496357965,"{'fitness 25': 44471.2582643009, 'fitness 53': 43151.88108079503, 'fitness 74': 43067.500143977944, 'fitness 102': 41094.5480116355}",False
99,"[[0], [0], [0, 2], [1, 3, 2], [1, 2, 0], [0, 2, 3, 1, 2], [0, 0, 0, 1, 0, 0], [1, 0, 0, 1, 1]]",50954.3211230636,"[1, 1, 2, 3, 3, 5, 6, 5]",7,((x[1]+x[0])*x[0])/Constant-((x[1]*x[1]**Constant)**Constant),((x[1]+x[0])*x[0])/0.07872453978586724-((x[1]*x[1]**0.2050010514836813)**0.2611113700027238),[0.07872454 0.20500105 0.26111137],54323.663366948,"{'fitness 25': 55729.9094166672, 'fitness 53': 53802.04398201172, 'fitness 74': 53439.03670216507, 'fitness 102': 50954.3211230636}",False
